node_index,ct_code,population,area_km2,longitude,latitude
0,36081044800,2809,0.2080003752746538,-73.80263442291341,40.71102194405622
1,36081045800,2348,0.2452792063947662,-73.79092605635626,40.71526264704554
2,36081046200,6907,0.2496112325014018,-73.78797486332076,40.70985469846817
3,36081046300,3836,0.1594148755748354,-73.87109002396308,40.74400073140142
4,36081046400,1999,0.2287688454332619,-73.78699581416693,40.71686368823022
5,36081046500,4172,0.1297582504776263,-73.87029812558458,40.74696651047903
6,36081046600,3882,0.2405349471902365,-73.78510005164073,40.714009530827006
7,36081046700,5895,0.1418582405945087,-73.874585570795,40.74545635460632
8,36081046800,3340,0.2294171394733833,-73.78227885618435,40.71049363486056
9,36081046900,8207,0.151384529296614,-73.87718447864373,40.74519649437866
10,36081047300,4328,0.198490818893487,-73.87623122321513,40.73722039425716
11,36081047000,3197,0.2293202028122485,-73.77729829658492,40.71129680719177
12,36081047100,4320,0.1580962307305258,-73.87656399954693,40.7409849540498
13,36081047200,3664,0.5208680194019093,-73.77894335847859,40.71762572635085
14,36081047500,4301,0.2819787681174928,-73.87565045393494,40.733637230851265
15,36081004500,3194,0.2203743359648286,-73.93376557251423,40.764532817206394
16,36081004700,3665,0.1792489223621401,-73.93315776628408,40.760287914562326
17,36081005000,49,0.1570582395693689,-73.85496270082429,40.677720836077334
18,36081005300,5092,0.1964968379673164,-73.92927280101242,40.76034849866717
19,36081044301,3719,0.1336497484470719,-73.85946041517448,40.740736902295936
20,36081005400,5862,0.4165436814833402,-73.84877467986978,40.67874933619829
21,36081005800,6355,0.5904220067524462,-73.84868943045825,40.673544789634434
22,36081006100,5548,0.1950531673436758,-73.92204097808157,40.76203069263451
23,36081030904,3179,0.4144156514679872,-73.89105473066564,40.76358314930313
24,36081043702,7125,0.17570586662003,-73.85654446635262,40.73810964487754
25,36081036700,2178,0.1955765569479141,-73.86793953437541,40.763222678259346
26,36081036500,2992,0.166197084892237,-73.86560541806851,40.75952455819169
27,36081036600,2731,0.3696529521602764,-73.76309030451336,40.685633994258595
28,36081035800,4179,0.5244871292762565,-73.75098048444339,40.67579099593873
29,36081036800,2495,0.2328429918172409,-73.76648458613876,40.68532115708998
30,36081037100,1335,0.1874727625252261,-73.86362406958453,40.76414335197904
31,36081037300,2255,0.2380764692417528,-73.85997950949086,40.75970997517624
32,36081037600,6121,0.7697529888628698,-73.75411900374256,40.68781229977537
33,36081038100,7216,0.2845057386807973,-73.85767856365126,40.75612127918187
34,36081008800,3663,0.4485220580630129,-73.83877520929127,40.67079682875152
35,36081007700,1856,0.1266748343210522,-73.93173273241555,40.76673289219453
36,36081008600,2846,0.3322835827920956,-73.84113684104969,40.67708803154724
37,36081008700,4052,0.2557656615876693,-73.93458327993383,40.774351671128706
38,36081009100,2303,0.186330022768411,-73.92967715926882,40.77585797898105
39,36081007900,2685,0.1605108034908692,-73.92994520098983,40.76910006897279
40,36081008100,1269,0.1123175213497962,-73.93358258358326,40.77007557200714
41,36081008300,2409,0.1913372595434406,-73.92869592996057,40.77262029867636
42,36081009400,2769,0.1724302355220988,-73.83648684309453,40.681415269155984
43,36081009500,2276,0.1645085684382596,-73.9207973595158,40.77446514608357
44,36081009600,3522,0.2064695702321187,-73.83226837533104,40.68091374826141
45,36081009800,2705,0.1357496605163004,-73.83120821649098,40.68539996335764
46,36061000700,8501,0.4994671965443388,-74.0047207256344,40.70323484936221
47,36081009900,0,0.2492177655367944,-73.92308626584598,40.778558609026184
48,36081034700,2966,0.3827733722851399,-73.87867738075109,40.76688478837884
49,36081035200,2780,0.6062248094316142,-73.75759597881729,40.67948296143148
50,36081035300,2273,0.1551119209189127,-73.87412494424028,40.759611976754144
51,36081043900,3610,0.1647502334726807,-73.85581253707613,40.741868833583666
52,36081044000,3980,0.3785608492378354,-73.78462366821925,40.702677093357835
53,36081044601,3361,0.2247723842082547,-73.79779056896828,40.70495308469281
54,36061021500,4396,0.0697081279664574,-73.94947129633988,40.8135271859668
55,36061025900,3731,0.0754683950386435,-73.94235615400191,40.823214530755706
56,36061023801,6354,0.8711342684525764,-73.95333196097575,40.756152421295425
57,36061031703,5783,0.7159255333375374,-74.0181767618109,40.7160006233761
58,36061004400,16594,0.8752320892560655,-73.97135431962941,40.72895611184507
59,36085013301,1095,0.0673367207400502,-74.11891029604885,40.6355983954449
60,36061012200,2473,0.1726169651053653,-73.96798492334749,40.76828115102142
61,36061013600,15487,0.3305085674348187,-73.94723326773902,40.772343922377665
62,36061014402,6946,0.1768703135110967,-73.94531693931954,40.776243133498944
63,36061015601,5130,0.0735619645573516,-73.94750235718126,40.783568516981155
64,36061021600,8773,0.173197044518768,-73.95438797315818,40.800676820284984
65,36061022000,6078,0.1749539067725,-73.95065703276013,40.80578359727613
66,36061025300,13572,0.1693506503387477,-73.938379140014,40.84289490547733
67,36061027100,8806,0.1929082576659679,-73.93429401976714,40.8519437800104
68,36061028300,7949,0.1510937699971469,-73.92872490883285,40.85891005998536
69,36061000100,0,0.0776533581018066,-74.04391058496697,40.69221079001865
70,36061000201,2750,0.1662103971901185,-73.9856403821893,40.7098259467004
71,36061000202,7773,0.7387772264539266,-73.97997728654377,40.71005351360103
72,36061000500,0,4.2372724640937625,-74.01832636822844,40.69074286371452
73,36061000600,9838,0.416426495065908,-73.98914091782224,40.71009544653747
74,36061000900,1796,0.7757320971981916,-74.00744453950185,40.70007145819118
75,36061001002,5157,0.4448214463670067,-73.97393946681898,40.71631111975177
76,36005023302,3706,0.0625781433117059,-73.90472911199473,40.84818521319622
77,36061001200,4168,0.1205981836693771,-73.98209359945413,40.71590648672741
78,36061001300,4455,0.3172205927179373,-74.01299250545284,40.709125965606034
79,36061001401,3024,0.0935055879627057,-73.98733126161015,40.71516032991696
80,36005006500,5377,0.261811120718173,-73.92165920918528,40.817398343365916
81,36005020200,2385,0.1248087761180715,-73.84757917569283,40.83849116376986
82,36005015700,4704,0.3190088931599848,-73.88544997963398,40.832999071490775
83,36005005200,1956,0.1826887753653573,-73.88243294080374,40.82562913811334
84,36005022703,1688,0.0386598226375663,-73.91052043166718,40.8440364976228
85,36005022901,5743,0.1218945951643368,-73.90721908113906,40.84609275566005
86,36005023000,2802,0.1593843067560725,-73.86601541574468,40.84928725717386
87,36005023200,2476,0.1427063535818121,-73.86331644204793,40.84697458501098
88,36005023502,4153,0.096238935088841,-73.9034696146594,40.85129257386833
89,36005023600,1816,0.0920736691896513,-73.86725832093086,40.84509070429504
90,36005023900,7873,0.1784898194024978,-73.9028682373361,40.8589133352961
91,36005024000,3903,0.2397784801701352,-73.86887597817845,40.84162340537431
92,36005024300,5737,0.150431623555644,-73.91153453359306,40.85242817278339
93,36005024600,2011,0.1524348294198247,-73.8611556858411,40.85160980406084
94,36005025000,2591,0.1817098566773478,-73.85570055318938,40.851706445099914
95,36005024700,2058,0.1486121319743513,-73.91846187487238,40.85549895628139
96,36005024800,3078,0.2779095466185705,-73.85840971076563,40.855340940003316
97,36005024900,0,0.1737279622621984,-73.9131413351497,40.85743752677844
98,36005025300,6199,0.1244549197842448,-73.90455494014851,40.86100689170882
99,36005025400,1997,0.1699237876842671,-73.85247727796452,40.848498530243354
100,36005025500,7674,0.1686380513523551,-73.90894051217727,40.860535148873794
101,36005025600,1696,0.1892847172027193,-73.85021901097235,40.84439112976113
102,36005026602,5084,0.3033963182288292,-73.83062027794952,40.845972981006234
103,36005025700,1999,0.179268874483294,-73.91462234286772,40.860066275608766
104,36005026100,2097,0.174730246140778,-73.9059020931803,40.866638986169576
105,36005026400,4868,0.4265144911588595,-73.83208891504353,40.84178130736737
106,36005026500,7851,0.2021362215143413,-73.9002412302893,40.86622337862047
107,36005026601,3452,0.1702485082932814,-73.83410531867597,40.84745207075222
108,36005026900,3703,0.4111635270513267,-73.90872570284806,40.86752867780073
109,36005027300,7778,0.203341613591828,-73.90322921973237,40.87389444779377
110,36005027600,24,2.3093301663600623,-73.81973996000218,40.854470912603794
111,36005027700,4660,0.1767100278729224,-73.90146342021137,40.87840651061753
112,36005028900,4807,0.2011435116602188,-73.90732707224457,40.87956003309834
113,36005027900,7379,0.2756404212268559,-73.89728036982302,40.88256324602975
114,36005028300,2489,0.2274410076330481,-73.90257139415671,40.88063613504789
115,36005028400,554,1.1246886650372587,-73.83869050992999,40.84943644256195
116,36005028500,3523,0.2636577931091929,-73.90256685712126,40.88642953811752
117,36005029500,4564,0.2364677062054006,-73.90856786702015,40.884935042967356
118,36005031900,633,0.4147525972159765,-73.91088568309274,40.914020732990465
119,36005029600,1575,0.7233158243644541,-73.84502213983043,40.85537211660062
120,36005030000,6021,0.4156974357246947,-73.83122975340432,40.852194014794556
121,36005030100,1413,0.1460003250374665,-73.91793384093785,40.88323989257741
122,36005030200,8704,0.5597019728265257,-73.8221286507195,40.8636914849002
123,36005030701,5726,0.3967372396893887,-73.91057429748108,40.893151079896185
124,36005031000,4753,0.6340167945053273,-73.83606603663384,40.86123794972202
125,36005031800,2179,0.1783658561199235,-73.8515677397117,40.86195450576264
126,36005032300,4575,0.561182288459225,-73.90758051919765,40.90534178771148
127,36005032400,3177,0.2683736284737218,-73.8597051610736,40.86134149318334
128,36005038600,8889,0.4092931969538468,-73.84840012840685,40.87963542986689
129,36005033400,15,3.1066242406160827,-73.8755017207672,40.857820254768484
130,36005033600,6714,0.1843938718836023,-73.86888532148659,40.868489557384606
131,36005033800,4105,0.1613809949473205,-73.86581668855483,40.86843796331111
132,36005034000,5606,0.1583317017750033,-73.86292315556429,40.86844048420095
133,36005034200,1888,0.1568326430572547,-73.86002558180054,40.868416548389526
134,36005034300,1665,0.121723247397075,-73.89817402922867,40.909670273256374
135,36005034400,2172,0.1570128655650571,-73.85713170529004,40.868364349507786
136,36005037800,2900,0.131848292070258,-73.86661328316079,40.87978268631194
137,36005037900,5469,0.191331635043795,-73.89877765533512,40.851574198823656
138,36005038000,5239,0.2135844650524973,-73.86241722464052,40.87808796885556
139,36005038100,7647,0.1515071781111981,-73.90115621341575,40.85201134155335
140,36005038500,4766,0.1891939307173153,-73.89250557779792,40.856182625436034
141,36005038700,3823,0.1883197113937661,-73.88923089310093,40.85807526731074
142,36005038900,5521,0.1703444293103327,-73.88499759943352,40.856400044754636
143,36005039100,7544,0.2057245743942805,-73.88712342372754,40.853119722684475
144,36005039200,1602,0.0961325254947667,-73.86473808062226,40.88328847611926
145,36005039902,5646,0.1214002182845123,-73.89476488325316,40.86042382379602
146,36005039300,8330,0.1817205384496812,-73.88314374103662,40.852497549933524
147,36005039400,5647,0.1452201903580281,-73.8633993406765,40.886479151358785
148,36005039700,3744,0.5181818489779532,-73.8853877606049,40.86186480065108
149,36005040100,4478,0.1704309075347413,-73.89765157114111,40.864611767336555
150,36005040600,3547,0.2233269365799278,-73.85700532107349,40.887951109887744
151,36081058500,4464,0.1711629903711774,-73.89942032443524,40.70437100219662
152,36005040701,3120,0.0582362375716236,-73.8902604701317,40.87157933217433
153,36005040702,7023,0.1821635057950575,-73.8869971957956,40.86914443532078
154,36005034500,3540,0.2746274609117271,-73.89868995804878,40.9040602272232
155,36005035000,2063,0.1916273778030909,-73.84825515779033,40.86852212336656
156,36081018300,6064,0.2150209807914844,-73.91966872086068,40.74534093039163
157,36081070900,2869,0.2195352475994242,-73.85502053833775,40.71926521165568
158,36081006900,3699,0.2107800664238978,-73.92216445653233,40.77150367232284
159,36081015900,3422,0.1696796949739624,-73.91834251456412,40.75578689816985
160,36081011600,1980,0.1369417023895274,-73.83880536912538,40.688775702381186
161,36081055100,4244,0.1551344866672735,-73.90391174548093,40.701595072201876
162,36081048100,6434,0.1390519259729812,-73.88505161254591,40.742219234075286
163,36081046100,2464,0.1128152837044873,-73.87126556435943,40.741714829277306
164,36081023600,3143,0.1762797758458287,-73.80491908301839,40.7073434852759
165,36081116300,9346,0.2514709732128727,-73.8192083705854,40.76381783751762
166,36081032700,3702,0.1508516770933218,-73.885417614204,40.75843638240606
167,36081074700,3705,0.2955085491726109,-73.84520637047747,40.73261612323194
168,36081012100,2034,0.1378999302876105,-73.90351405938745,40.77275864871306
169,36081014400,1915,0.2198267342618175,-73.82849613354215,40.69849678218376
170,36081053800,1781,0.1887539747075539,-73.74253041607436,40.706478897250946
171,36081050600,1421,0.2061289764936058,-73.759668834732,40.70579297026514
172,36081061000,1551,0.2368672888203911,-73.74325035088806,40.69017824916347
173,36081129102,3912,0.991869132806136,-73.75438235184026,40.73163840099054
174,36081027500,6820,0.1776256600654363,-73.87556913273612,40.75215366351113
175,36081026100,6508,0.2216048522022061,-73.90060094565088,40.747211637934555
176,36081040900,5560,0.1524673237835163,-73.86759206397495,40.749662907093715
177,36081002000,1721,0.1463963843579568,-73.84951596121347,40.69135252276382
178,36081120100,1559,0.1628931473710502,-73.81405930730315,40.75321211510219
179,36081107201,2320,1.38593181522001,-73.82186632745557,40.603770914816764
180,36081058700,3550,0.1445316952437776,-73.90027836120306,40.70714393104056
181,36081016400,3786,0.197819246247755,-73.81655730914416,40.68508005062346
182,36081010100,2382,0.1727589260979838,-73.91625570862865,40.77840321654357
183,36081056200,1631,0.1605982616020434,-73.7331946770078,40.72463823188961
184,36081024600,0,0.3035377017979662,-73.79649931571056,40.701202165294205
185,36081020200,1762,0.1531186082358292,-73.80781117442135,40.68975699162867
186,36081050202,1421,0.1528524440580413,-73.75929249002411,40.710189203845296
187,36081059600,1272,0.194550845961548,-73.73705651707425,40.69713720085525
188,36081063000,1503,0.1904775437147876,-73.74357947297771,40.6802877758555
189,36081022002,7128,0.3061055079698048,-73.81446418687838,40.713200613726066
190,36081012000,2365,0.1445231189765969,-73.82865358812185,40.69150094792851
191,36081085500,6772,0.1305098469066676,-73.82363518892708,40.759642139335796
192,36081011100,3116,0.1507368680841087,-73.90731308671944,40.778795311269285
193,36081067900,4344,0.2536116873071851,-73.87018376551755,40.724117872014126
194,36081005700,4212,0.2235665855016584,-73.92567209006712,40.75695443540766
195,36081033700,2999,0.1508354572400799,-73.88262805390627,40.7587307196529
196,36081111300,2526,0.8362456928402373,-73.76273487838014,40.767463545837195
197,36081037500,4116,0.1531917754192827,-73.87000052950417,40.75134757937436
198,36081085700,5171,0.1325202846622946,-73.82305778800173,40.75706020300362
199,36081062300,2246,0.1566574729567282,-73.87818469719954,40.70438119817339
200,36081045900,3719,0.1368861366588947,-73.87068047621469,40.739877450070836
201,36081140300,2344,0.3743264608562806,-73.76960226249206,40.74816884300643
202,36081026400,2501,0.2544507282575649,-73.78579039033308,40.69223175098746
203,36081005200,2817,0.1306123561572544,-73.85466436365367,40.68075934463888
204,36081019800,2917,0.2077194103919447,-73.80280336931872,40.69184464644399
205,36081071900,2438,0.1659558908452295,-73.85562283757218,40.73468750010155
206,36081014100,1636,0.1710701372923294,-73.90669002332906,40.76699056507487
207,36081001400,4308,0.2137155051251148,-73.85525001831643,40.69507875051197
208,36081052600,1933,0.1825751891327282,-73.75976303414845,40.697094577358165
209,36081009700,3693,0.2018046000668148,-73.91860273803343,40.77648195059133
210,36081115900,4256,0.3089938082942755,-73.82075513853698,40.768639685326235
211,36081051200,2512,0.3757933855331401,-73.75011934906706,40.71041008486881
212,36081017900,1019,0.4737638128581871,-73.93027729540447,40.7446892956764
213,36081026700,5353,0.2098004319557358,-73.88803216865047,40.74532758487964
214,36081010400,3014,0.1864752828064459,-73.82654653818196,40.68296815802719
215,36081012601,2750,0.1501891098680917,-73.8374116543708,40.693653488222694
216,36081036100,2238,0.1573727737177474,-73.87241574861862,40.76128294456187
217,36081040000,1529,0.1963002166098577,-73.7648635212598,40.69814758875446
218,36081045200,1335,0.214220428324561,-73.79956050300929,40.714588137472404
219,36081048000,2293,0.2302621941022122,-73.7730046067117,40.71288905603808
220,36081063200,2601,0.2967901117831797,-73.74050866442846,40.676516343814235
221,36081053200,1996,0.1898043941299769,-73.74909195842812,40.700102498566785
222,36081059000,1466,0.1585992438284375,-73.7369978868571,40.70125770499773
223,36081060300,2095,0.1813672449171656,-73.89900117128398,40.7139219503614
224,36081066701,2800,0.252626534081578,-73.89133654771544,40.721821955050885
225,36081070300,2103,0.2410476287050932,-73.85935677043278,40.7162793483854
226,36081076901,4407,0.1810263405777721,-73.83756875334988,40.71645747162317
227,36081085300,5563,0.1952258157790736,-73.8276530783969,40.75715195101469
228,36081097202,3060,1.7087850518545824,-73.77917939998284,40.58795617370342
229,36081118500,1978,0.1550776659241935,-73.80380669952211,40.75946757139543
230,36081041300,4696,0.158802888245493,-73.86130809970167,40.744736116109216
231,36081065501,0,0.8120862041014518,-73.86664709526596,40.71475233087903
232,36081077904,5781,0.385723322670593,-73.81416465650526,40.72096514243246
233,36081114700,1726,0.308437513221183,-73.8019551285585,40.7682675131143
234,36081001600,2420,0.1515004562700317,-73.85483946559437,40.68971771442407
235,36081014201,4334,0.2109133799491319,-73.82464167039446,40.700973361247854
236,36081113300,1603,0.2538286325437416,-73.78315190603861,40.7641493785545
237,36081115700,3207,0.314622680402483,-73.81516946402114,40.767572961210384
238,36081001000,4618,0.1612556530652437,-73.85929870003935,40.69074927723424
239,36081118700,2484,0.1872346634111063,-73.81288019697207,40.759632099240825
240,36081121100,0,1.0259191065692288,-73.80485506779186,40.74532375003447
241,36081137700,7123,0.7496864131820856,-73.75004592957583,40.74712580114111
242,36081145900,2809,0.3723834399685618,-73.79194645389047,40.75420913870624
243,36081157102,2294,0.3200441138735969,-73.72505118280039,40.73498918628923
244,36081000100,9505,1.3126722027111373,-73.95103054952106,40.742964699463926
245,36081000400,4476,0.2248795281270622,-73.86477173365549,40.68968314397708
246,36081000600,4107,0.2142860504433095,-73.8637276729341,40.685908268648696
247,36081000700,6336,0.5450421154510022,-73.95140904927386,40.74484374675195
248,36081000800,3193,0.1898238841019586,-73.85825867244698,40.68734728157836
249,36081002200,2314,0.1474891562241303,-73.85057065952508,40.69597768950858
250,36081001200,3578,0.2271575967116607,-73.86084121326128,40.694278390935864
251,36081001800,2796,0.177488058184188,-73.85201536899265,40.690280048490465
252,36081001900,4358,0.8679320635077581,-73.94503137393625,40.74856041882926
253,36081002400,2382,0.1418998544351682,-73.8465755524798,40.69718814516999
254,36081002500,6802,0.2104279533638203,-73.9451644531529,40.754960574159156
255,36081002600,2272,0.1480315894142624,-73.8430922077306,40.69726031609538
256,36081002800,3573,0.2250437390317665,-73.84437216685194,40.69238807713401
257,36081003000,1524,0.1127891730867749,-73.84726786570296,40.6916415380507
258,36081003100,1144,0.1649609248939204,-73.93390443562389,40.75317608483107
259,36081003200,1764,0.1619620981006653,-73.84676701180152,40.687315442975226
260,36081046000,6049,0.2212691907525037,-73.79348999607778,40.708256603415364
261,36081056400,1178,0.1871462139881624,-73.73340626323848,40.721554387790086
262,36081052000,1410,0.1722119663954433,-73.7546876480607,40.70113960645684
263,36081027600,1342,0.1587314631307475,-73.7862395616846,40.687588256350224
264,36081010800,3364,0.1575809132042301,-73.83059676545084,40.68860958182009
265,36081124700,3508,0.4834555568784869,-73.79624510473653,40.728089337387466
266,36081092500,3470,0.3124226646677878,-73.84476802288782,40.78248175335989
267,36081066900,1642,0.1600946392100511,-73.88592162255748,40.723566988216184
268,36081023200,5644,0.3304695315314244,-73.81128092583653,40.709589242567006
269,36081085900,5492,0.1462169386080554,-73.82079721350706,40.75498678471712
270,36081005100,1866,0.1371230886678787,-73.93213814118788,40.75563977177728
271,36081015300,1933,0.1216291850132317,-73.91364742165825,40.758081639325525
272,36081061601,2145,0.3802120863282722,-73.73187531249116,40.68185535095223
273,36081015100,2613,0.133430822734187,-73.91084430968738,40.76016698237624
274,36081011400,1303,0.1191561817418952,-73.8418285425539,40.68793084310105
275,36081101001,12253,1.0154145799672696,-73.74910358566719,40.59678064223353
276,36081042600,477,0.521709532736646,-73.77020246924062,40.68887261421277
277,36081038400,2411,0.2975157440698484,-73.74763945186349,40.693341548321776
278,36081005500,952,0.1659661975229286,-73.92778875577511,40.753794794539715
279,36081028300,7508,0.177715402717928,-73.88486544329854,40.751173711168065
280,36081054900,6437,0.1642802692263538,-73.9078130746446,40.70219098964798
281,36081014300,3772,0.1365053899101699,-73.91151129613567,40.766299628631614
282,36081024700,1466,0.0976198292700731,-73.8994499679799,40.74227788479386
283,36081016100,2297,0.1076955173509556,-73.91458624318852,40.755081882717526
284,36081017800,2257,0.1887023829441132,-73.8087606422799,40.67709112814879
285,36081027700,7747,0.1748919899955247,-73.87794491087126,40.75269410926483
286,36081004002,1459,0.1309150553452585,-73.84295972275443,40.68152935614104
287,36081052500,2543,0.2021052939623478,-73.9066374638571,40.71897034012509
288,36081040300,7324,0.1999437700632363,-73.8604325475128,40.75065230701942
289,36081045700,3281,0.1505169569505917,-73.86983830938529,40.737721713057184
290,36081062500,2692,0.1987790186944537,-73.88241389890992,40.704132043301065
291,36081039900,3862,0.1696658096723902,-73.85358184461343,40.75180887449744
292,36081012800,2380,0.159250983216776,-73.8401181713222,40.69825237108489
293,36081000200,3019,0.1565952051339079,-73.86615775702006,40.69329233096015
294,36081005900,4057,0.1902098182119257,-73.9239255322679,40.759700599839185
295,36081007300,3933,0.1415611097698993,-73.92537017519491,40.76699500380748
296,36081056000,1809,0.2134388436742996,-73.73656349788935,40.725435180408766
297,36081058300,3736,0.1431138520073751,-73.8976202712163,40.70193799110251
298,36081072100,4579,0.1703284133099447,-73.85373759203783,40.73118593205569
299,36081004401,3732,0.2582280780184981,-73.85939445705708,40.67714694853487
300,36081033401,3767,0.5606550161033453,-73.76743636239931,40.679176387832236
301,36081061200,2022,0.2624965950959451,-73.73672542976173,40.688291196584494
302,36081028500,4987,0.1581038922101796,-73.88711627478993,40.75146607851398
303,36081118900,2050,0.2023502298093911,-73.81261356036916,40.75650549569242
304,36081133900,1302,0.2262126442259245,-73.79003768375377,40.728639990395166
305,36081023800,4516,0.1566874442771656,-73.8090374951808,40.7052220724949
306,36081074100,3060,0.1721968385161381,-73.84704438870779,40.72828126309741
307,36081013000,1688,0.1876911798984635,-73.83783922677065,40.70034816151848
308,36081099701,2922,0.9788678204377614,-73.7899124241727,40.78093573070463
309,36081011900,1409,0.111474406489003,-73.9060640837297,40.77120544214976
310,36081035100,3737,0.1392415201749716,-73.87704652317281,40.75909970215294
311,36081036300,1771,0.1348974993386432,-73.86941734625722,40.75968378554901
312,36081050400,1818,0.2163063716121544,-73.76435861297867,40.705119616071855
313,36081043200,1244,0.2383697113459917,-73.77588351803352,40.691310745275985
314,36081055600,2282,0.2269032953290038,-73.74500338194665,40.72555067197143
315,36081025900,3486,0.1871896342344219,-73.90352605417611,40.74857776327902
316,36081091900,5309,0.778157092986918,-73.84840035860995,40.77679026198226
317,36081037700,3620,0.1468183283330972,-73.86871354827603,40.75566143628062
318,36081068300,3970,0.2443911838698667,-73.86908609527438,40.734975809916804
319,36081091602,0,2.4022102412869284,-73.88956999250001,40.559440232005066
320,36081091601,3674,9.298847293421806,-73.91788561853562,40.55851181984898
321,36081092800,3594,1.6603186628169495,-73.85196801293066,40.57381865624372
322,36081092900,7036,3.40373228359113,-73.8574243032247,40.788791656543204
323,36081091800,11,3.420494596897612,-73.8720967084442,40.56818549526039
324,36081049500,1515,0.1232818463143498,-73.89041025162791,40.72538405387428
325,36081092200,2020,1.3339473947897411,-73.86010927296473,40.573110398367696
326,36081093800,5023,2.110625699688338,-73.82928958056907,40.580043006485695
327,36081049200,5444,0.4862191718453795,-73.75849466765102,40.72298050453645
328,36081049301,2209,0.1641362809696457,-73.89424989874676,40.73237081059737
329,36081049302,3068,0.2751092203419957,-73.89180296410632,40.727854980534936
330,36081059200,1516,0.2261357510235556,-73.72973219584387,40.701235031751274
331,36081049600,3146,0.2731183516227052,-73.75312185021843,40.716950216287934
332,36081049700,3131,0.1975697663474939,-73.89037231791254,40.73175098520107
333,36081049900,5260,0.4623870437589357,-73.88335254545807,40.731128503802914
334,36081060100,2324,0.1544277845710534,-73.9024125182368,40.715213492429825
335,36081059100,5736,0.2020582475573816,-73.9097807045983,40.708111849839604
336,36081059300,4217,0.2521445763019714,-73.90265081287241,40.71020803175227
337,36081059400,1768,0.222045820326542,-73.73118445501918,40.698469148144405
338,36081059500,5533,0.3960473980626923,-73.9083422163762,40.71377500263063
339,36081059800,1798,0.2064723001320705,-73.74066661713991,40.69829465728276
340,36081059900,1255,0.1270814466160363,-73.9021320067733,40.71724492945349
341,36081060800,1564,0.2114474786367379,-73.74131432650013,40.69360367068369
342,36081060000,1102,0.1767182203330376,-73.73330321734201,40.695063043927505
343,36081060600,1351,0.2152943866239082,-73.7353308415386,40.69174711264707
344,36081060701,14,0.7129892795122821,-73.89397581571761,40.71725588155878
345,36081061400,1414,0.2577533587843039,-73.72951169021651,40.686119599019555
346,36081061602,1118,0.4223116871149768,-73.72924211272436,40.67755232286745
347,36081051800,2181,0.1698220889370004,-73.7520093844052,40.7018381449437
348,36081051500,3446,0.2243657637509752,-73.90149770459088,40.73097572390415
349,36081051600,2183,0.1843178553493559,-73.74726157176161,40.70272384501946
350,36081051700,2007,0.2541767886100069,-73.900294001868,40.724628284978884
351,36081050000,4279,0.3360670014821014,-73.76361585037789,40.71194491594635
352,36081052100,2253,0.1902696933321493,-73.9015156560921,40.720864835814105
353,36081052200,1760,0.1698398676090926,-73.75736828415145,40.70044465896781
354,36081050201,1384,0.1681287282531377,-73.76490373796317,40.708802568318646
355,36081051000,1816,0.1848891829333353,-73.75371533095043,40.70971166109358
356,36081050500,1529,0.1161143074024808,-73.87475223744238,40.72907985503736
357,36081050700,4102,0.3722201761009019,-73.88158713878605,40.727020909507445
358,36081050800,2008,0.2195303029876905,-73.75542191708327,40.706983983014524
359,36081051100,2290,0.2739044524204627,-73.90016553009987,40.72732794589162
360,36081062000,1431,0.2162339705975924,-73.73781945796688,40.68105606449145
361,36081051300,2439,0.1935360732352878,-73.89751367403709,40.73188968549751
362,36081080301,3859,0.3152730611065196,-73.83087202253961,40.744791697131234
363,36081080302,3476,0.4388225753273374,-73.82621889161364,40.740363735503074
364,36081080900,7240,1.0049586504240906,-73.82235572943735,40.73388140021701
365,36081081400,4117,0.3695573357033753,-73.80393436208158,40.670701852992615
366,36081081800,3909,0.3745987125092512,-73.80907585585689,40.67051722875749
367,36081052400,1988,0.1961829737238011,-73.76195954450695,40.70122768960062
368,36081052800,1434,0.1803950943642127,-73.75873032673933,40.694035213219
369,36081053000,2473,0.2301588991582631,-73.75254030055503,40.69633823498894
370,36081061800,1796,0.2415426732793534,-73.73641820575116,40.67689431389044
371,36081061900,2683,0.2578575147031119,-73.87709752295018,40.70979067742191
372,36081062100,2896,0.258270120708336,-73.87266463625659,40.71001465179179
373,36081084500,4863,0.1886745028964276,-73.8202280023769,40.749961278384276
374,36081062400,0,0.5121028546820608,-73.74199126176663,40.685782361939005
375,36081062600,2805,0.4293973233703038,-73.74810211539742,40.68197413618149
376,36081062700,2944,0.1573065751792703,-73.88645394003527,40.70377171598575
377,36081062900,3034,0.1835289441054037,-73.88296315603299,40.70093090724585
378,36081083700,5283,0.7807824660885118,-73.81978458471562,40.74475358635006
379,36081083800,5260,0.4953822900315214,-73.81950976346275,40.670295098461175
380,36081084000,6027,0.568482061804897,-73.81765332277918,40.6739493226353
381,36081064102,0,2.2279251412656733,-73.85348622433975,40.70207047843928
382,36081084601,3268,0.333236568084203,-73.8217246272153,40.66734040814128
383,36081053401,2125,0.2602620973460109,-73.74414929186706,40.69982910560778
384,36081053900,4433,0.6045379565719092,-73.91655035840803,40.71051313680788
385,36081053500,1432,0.5168169338997286,-73.91640960832314,40.71591438456613
386,36081053601,2099,0.1908747008339431,-73.74587107618859,40.70671186619977
387,36081054000,4290,0.5227132405687116,-73.74322427974728,40.7127946671414
388,36081063700,3432,0.6951254282208683,-73.86228573611139,40.70836000902808
389,36081063800,3516,0.6888506775522163,-73.733063716211,40.66982965619681
390,36081063900,3043,0.2517763254811069,-73.85692655554725,40.70389534431843
391,36081064101,2388,0.0829073769100036,-73.85166681106743,40.69917021390246
392,36081064500,1927,0.3095923672786759,-73.85225004675809,40.7091220730483
393,36081063301,1704,0.1347340332721088,-73.87457152510926,40.7044836493707
394,36081063302,1475,0.1387389737874106,-73.8714054338034,40.70539372555104
395,36081063500,2551,0.189459224187049,-73.86696089746067,40.70473923121922
396,36081086400,2727,1.1207113438468352,-73.8315831857034,40.67333975781463
397,36081064600,2976,0.4073065339235569,-73.74232533929921,40.67277399833883
398,36081065000,2742,0.3999956308818626,-73.74482323993786,40.669459196941304
399,36081084602,925,0.7175626607028314,-73.8165808723424,40.66512620048053
400,36081086100,2032,0.1487874875588142,-73.81787581418945,40.7568129044958
401,36081086300,6613,0.1441505582115332,-73.81994125963466,40.76126854917326
402,36081086500,4311,0.1582515708766393,-73.82517181617662,40.76268693700283
403,36081087100,2643,0.4397247669367262,-73.83361333917652,40.75902085327757
404,36081088400,8345,2.179538613046313,-73.83376374155148,40.65563549528769
405,36081056500,1569,0.1177848266047657,-73.8968741888787,40.69426288160877
406,36081088901,9626,0.6574715271873224,-73.82821755769396,40.77259054680336
407,36081089200,7916,3.3800115799948864,-73.84711320913564,40.65288272628738
408,36081054500,4039,0.1134744345390836,-73.91262137113421,40.70554792397005
409,36081054200,4737,0.5418437774917094,-73.74649020976207,40.719074125555885
410,36081054700,5048,0.1291540948963119,-73.90971114491033,40.70362944910935
411,36081054800,2354,0.2256720906258523,-73.75128272266434,40.723197710801635
412,36081065600,4966,0.5904981851225912,-73.72956453924613,40.65981028806597
413,36081065400,3782,0.7012014029884369,-73.7400805799554,40.66241191620151
414,36081065702,1802,0.1441048316010644,-73.88296086769886,40.71333562083702
415,36081065900,1884,0.1937521452552251,-73.88248077741173,40.715544918816846
416,36081066000,3318,0.386558115798959,-73.73336314365449,40.65857432005493
417,36081047600,1419,0.547425670168301,-73.77124537767115,40.722479965912065
418,36081047800,4925,0.6531250680805121,-73.76618428577844,40.71958168197341
419,36081047900,5115,0.3924791050584323,-73.88371141611636,40.735485537262335
420,36081048300,3888,0.2215354924341424,-73.89269673292877,40.74171718939174
421,36081048500,4366,0.3172824178618222,-73.8843382573686,40.73975168768797
422,36081048900,1610,0.3620029790563181,-73.89218268789438,40.7373154661061
423,36081055900,1184,0.1585748018121408,-73.90173147030603,40.694403688171896
424,36081056100,17,2.912069065202389,-73.88555284246743,40.69308112925315
425,36081056700,5175,0.3134311078385569,-73.89218278216002,40.69686625845054
426,36081055200,2955,0.4175146751886127,-73.74965674101755,40.72778740521762
427,36081056800,5039,0.8508723269728722,-73.73357507987288,40.715570199917735
428,36081055300,2786,0.1370257566433032,-73.9065463819201,40.698950103768
429,36081055400,2530,0.220077775385375,-73.74015935456437,40.727790260176185
430,36081055500,2335,0.1537165138094487,-73.9032791462906,40.69722446519518
431,36081055700,4275,0.238755475895195,-73.89831484382684,40.69868927376124
432,36081055800,1702,0.1923606559856189,-73.74170489059951,40.72253366502074
433,36081057700,4169,0.1866002054338825,-73.890714550955,40.700392859630334
434,36081066501,4149,0.3280199097243189,-73.88735683155818,40.719345731279105
435,36081067700,1883,0.1859518449644298,-73.8724306047288,40.71911058315938
436,36081068000,5299,0.7642313047103899,-73.7500758686283,40.6637095841273
437,36081068700,4188,0.2785007887629532,-73.86929554204757,40.73031046920818
438,36081068200,994,0.2301367295266667,-73.75041293378922,40.6677936612665
439,36081066300,2771,0.5249578248598982,-73.87734572578923,40.721118963189426
440,36081066400,9980,2.9546689607332595,-73.74496721293366,40.65026436788918
441,36081069000,3752,0.3505356824990958,-73.75541423648387,40.66034648319436
442,36081069701,4322,0.1324730085986281,-73.86020464240033,40.72687713998079
443,36081069300,3151,0.1429970247919879,-73.86322726640445,40.72888940614419
444,36081069400,3455,0.5248427812421458,-73.75013258614369,40.65587381948929
445,36081069500,2211,0.2132177454106929,-73.8675083184358,40.72605619949505
446,36081145101,1127,0.2519553494632982,-73.78469648248952,40.75513804979968
447,36081138501,4617,1.0389688180303327,-73.75479085113741,40.754922860846136
448,36081138502,39,2.394084033209827,-73.74551614451151,40.75198704401032
449,36081143500,2452,0.3577203193053114,-73.77028180174459,40.75291184038439
450,36081144100,2662,0.3370623143542459,-73.76381293977605,40.75566766970952
451,36081144700,3109,0.4127798948088079,-73.77245382097192,40.75686722745947
452,36081145102,2464,0.3436677207237593,-73.77814667496817,40.75323829590337
453,36081139900,1666,0.3642017756693501,-73.7624754455083,40.749867691240205
454,36081140901,990,0.2445012328182028,-73.77490094116588,40.746540460387564
455,36081140902,2787,0.5376568905436562,-73.78215388694164,40.7449088335906
456,36081142900,3760,0.530345288220391,-73.78452341457638,40.75106464030056
457,36081150701,3036,0.877004851272275,-73.73970176067598,40.76220095758399
458,36081146300,2979,0.3239649968667093,-73.78110069867525,40.759466504340956
459,36081146700,2619,0.3545752829426387,-73.77321405387538,40.76120342056378
460,36081147100,3231,0.4218598499596653,-73.76343532486248,40.76147086034985
461,36081147900,4526,0.9142291590220276,-73.74225586623554,40.76960009931091
462,36081148300,2900,2.3813521635517096,-73.75229378124527,40.77613577397598
463,36061012500,2311,0.1742537037901485,-73.9841752460743,40.75984071557403
464,36085006700,2468,0.9526785913275624,-74.10110325852368,40.63519217571414
465,36085014608,3477,0.4486273510712719,-74.15651803891896,40.55846553069771
466,36085017011,4865,0.7193948492805614,-74.1702296533786,40.54563758190809
467,36061009700,4968,0.1729334226817704,-73.99903400261645,40.749639636942334
468,36061001502,8309,0.3545645809365157,-74.00309304617836,40.705554945456036
469,36061013900,10524,0.1815850631258202,-73.98617124432698,40.76729222697121
470,36061008300,3686,0.1741569186814666,-74.00445303481558,40.74219829719396
471,36061024700,7303,0.6566519389370499,-73.9501717906612,40.839727018243856
472,36061003602,3212,0.0890091958189188,-73.99020603356449,40.72456306961803
473,36061005502,1825,0.115485601068298,-73.99387198494661,40.726222929933186
474,36061019800,2645,0.2254514980876908,-73.94236269997234,40.804302467752784
475,36061018700,8608,0.4025792926578094,-73.9750409604361,40.79932862396042
476,36061016500,6512,0.2043270963529756,-73.97499876138843,40.78235766732132
477,36061023300,7220,0.51793297319188,-73.95382502716438,40.829966796218955
478,36061020800,5432,0.1485667244883421,-73.94200800260784,40.809648510546964
479,36085000700,4557,1.1670514009340172,-74.08103460391067,40.64801147623863
480,36085013201,1480,0.4695828620358939,-74.1225721345771,40.564777909333344
481,36085027704,4629,0.528027444468966,-74.15151031229739,40.58542213270332
482,36085027302,4060,1.0211501098711402,-74.13871787957977,40.5955280302527
483,36085029104,7229,1.5415649563032554,-74.16350291798528,40.61372343726122
484,36085017009,4485,1.0747145472359918,-74.18982832264204,40.54320277716761
485,36085018902,5504,0.7964774560661873,-74.13806563226093,40.60523994836112
486,36085021300,4681,0.7845737926729096,-74.13890295763065,40.632615590687244
487,36085010500,4372,0.8167062907638822,-74.11187136318632,40.63379901779607
488,36061015300,9764,0.1741079484804854,-73.98066563390105,40.774857766774915
489,36085002001,2502,0.5135267734964796,-74.07097399792367,40.60688607225246
490,36085007000,9480,3.506387571658221,-74.07558598570486,40.58655151358373
491,36061011600,3540,0.3285139458516516,-73.95492394105986,40.7628005601345
492,36061016002,3421,0.051424136123469,-73.95368526421196,40.78787875922991
493,36061030700,3920,0.0843737730404686,-73.9166749420533,40.87127038093884
494,36061004800,6230,0.1757627492482614,-73.98372982695874,40.7338560712488
495,36061011201,843,0.0795358136185598,-73.97534553530642,40.7639780803903
496,36061023200,9069,0.1804879209649256,-73.93953144805428,40.82101325943675
497,36061009100,6298,0.1790978395539443,-73.99519587502105,40.74471783181549
498,36061006600,11839,0.1747002958621733,-73.97923168173848,40.740070483234035
499,36061001001,1546,0.3244397913145818,-73.9734907425071,40.712163571796815
500,36061007700,5971,0.1787820876075113,-74.00329674698243,40.738084958678655
501,36061017401,4634,0.1008131369478066,-73.94857600916056,40.79488752936547
502,36061015602,2433,0.1087603593269811,-73.9463253465287,40.78518203247211
503,36061018000,7422,0.2125194055641004,-73.93959498069364,40.79440174387944
504,36061008000,4964,0.1726264494127158,-73.97765201016685,40.749258804861135
505,36061020101,1854,0.0551274818781313,-73.96020484764959,40.80643552551924
506,36061022200,3369,0.1814226576659025,-73.94878759368218,40.80834018853543
507,36061013800,12213,0.1820956500640201,-73.9538152853484,40.774921404956345
508,36061026100,13145,0.1562228348749786,-73.93445519454355,40.845784523180846
509,36061012600,12620,0.1836623149796639,-73.95852613353057,40.768466475878085
510,36061007400,4528,0.1740836653664596,-73.98408288840506,40.74621356801305
511,36061003200,7814,0.2176833021125338,-73.98371664333953,40.72555794554093
512,36061022500,10334,0.3986181461461124,-73.95637666277744,40.8247769111528
513,36061004100,7997,0.1912752402630076,-73.99669577811582,40.719163935249796
514,36061002100,6666,0.237229755137507,-74.01004978403697,40.714328762320505
515,36061001402,2941,0.1139200844764342,-73.98588139346202,40.71751341501099
516,36061028100,3416,0.0942282122027755,-73.934534314968,40.857057706862115
517,36061006300,6393,0.1781872531253465,-73.99686025541578,40.734421432108704
518,36085017012,4321,1.0047238196311208,-74.17378728032698,40.55295850379182
519,36061024100,8680,0.3861200324082749,-73.95031853016881,40.83568139808726
520,36061017200,5130,0.1779388986925469,-73.94513334671419,40.793826988891134
521,36061011300,98,0.1756526159260679,-73.98787018360274,40.75477521693664
522,36061019000,3734,0.1038018002477879,-73.94761938224931,40.801961579190326
523,36061009500,3142,0.1719642283044567,-73.9933577693246,40.7472362607163
524,36061027300,6925,0.1769256227731653,-73.93738445947162,40.8539791608946
525,36061010601,7091,0.2512701133412636,-73.95999374057253,40.756769682579716
526,36061005900,5404,0.1161760619982842,-73.99456139831871,40.731289385380684
527,36061014602,7831,0.1091741727422411,-73.95097504495149,40.77881468060015
528,36061025100,2835,0.1594221869942102,-73.93992270833961,40.84032604194994
529,36061017900,8267,0.4049416631342117,-73.97881648584074,40.7942328124415
530,36061011800,8986,0.1767614469647768,-73.96085536816967,40.76527479454693
531,36061003002,2939,0.0785239721041216,-73.98586619887514,40.72296415093913
532,36061003400,6569,0.1602571951813616,-73.98146179999084,40.729009180061816
533,36061020500,5117,0.6556569094846396,-73.96801005643809,40.811472790031566
534,36061018900,11654,0.2654037840215989,-73.96425082835627,40.797328106027045
535,36061013100,2788,0.1741358054672804,-73.98235345442096,40.76234580051082
536,36061015802,4353,0.0515091024685424,-73.95046499556177,40.7865243399575
537,36061008200,3241,0.1724010125620268,-73.98087405986281,40.750613194843844
538,36061020701,3041,0.0472738761196518,-73.95845999982146,40.80897754625925
539,36061008900,5413,0.1655786130187002,-74.00267854227262,40.74463803631466
540,36061002500,5483,0.2256353677131702,-73.99763197237408,40.70878223399624
541,36061011100,4757,0.1754640094273395,-73.99538784707904,40.754647521042884
542,36061005000,4748,0.1664657770616792,-73.98721384714528,40.736111507690175
543,36061000800,9315,0.388613044882499,-73.99379114818763,40.70979865386808
544,36061014200,5110,0.178985503624145,-73.96142565933768,40.77727420632103
545,36061007200,7642,0.1750169354459169,-73.9808584521415,40.74486560788964
546,36047005300,2167,7.026790814758699,-74.02452436285886,40.67181889347204
547,36047012600,2838,0.2359822542657764,-74.01904148820404,40.63481901672073
548,36047027100,3103,0.2453572625425953,-73.93696859194571,40.67879559909831
549,36047034800,2885,0.6799919808547475,-73.98296924450678,40.58086186319567
550,36047044900,3210,2.3190403584441714,-73.93101895133536,40.71783247639433
551,36047046000,3131,0.1960671545940234,-73.9655152739258,40.63184065533608
552,36047105804,6744,0.7973599554622015,-73.88344051054995,40.64579448659675
553,36061025700,4625,0.1440632628418746,-73.95407405267672,40.8084354561323
554,36061024200,5003,0.4832747886020368,-73.93348224518566,40.80582515004142
555,36061008603,4400,0.2705890163319208,-73.96288548946978,40.75317102097798
556,36047000502,2697,0.0967996734482197,-73.99286141290911,40.69513436761317
557,36047035602,5529,0.1707687784414606,-73.97020425548578,40.577829780056774
558,36047037401,4376,0.2255205200027955,-73.9677549827435,40.58799782028476
559,36047037402,4937,0.3015001395488437,-73.97200258336468,40.58678802232522
560,36047050803,2522,0.0560854299588755,-73.96062344920581,40.65390875563823
561,36047050804,6083,0.1031027737745021,-73.9635730094273,40.65283495802634
562,36047051002,4858,0.10706652877932,-73.96036716785032,40.64875136922313
563,36047001500,9011,0.3073871731323505,-73.98298381882991,40.69424824132681
564,36047069200,2734,0.1822156922756449,-73.92008884008729,40.62367547187165
565,36047065200,1094,0.1747120015023338,-73.93007263368067,40.61476198907911
566,36047068800,1719,0.1569128595403306,-73.91910036586295,40.61721581670594
567,36047069800,1449,0.6209710755835943,-73.915891165999,40.612444102271674
568,36047065800,1798,0.1533636390768782,-73.93120052066375,40.608082808041615
569,36047066000,2050,0.1523148694860975,-73.92808002570723,40.609046593214195
570,36047066200,1501,0.2314628795393715,-73.92437201357662,40.60930515427074
571,36047067600,1760,0.1553749035432308,-73.92720106676809,40.62499499403088
572,36047066600,0,9.857245733745453,-73.9138832091507,40.58552417628911
573,36047067200,1640,0.1742356764231583,-73.92780419484538,40.61874704118601
574,36047067400,1920,0.1892087207956209,-73.93027230158832,40.6198304601291
575,36047068000,2185,0.1688595368843956,-73.92518787194017,40.62137635042426
576,36047068200,2832,0.2022278438328017,-73.92413042045844,40.61664689857262
577,36047070000,1604,0.2018938629733844,-73.90674084223446,40.62004590273454
578,36047070201,6402,1.252016812582641,-73.90860895236825,40.60876697765985
579,36047072200,2881,0.2571729182648407,-73.92438877466017,40.63199984359087
580,36047070202,8,6.897272853465108,-73.88988663399037,40.59241780229656
581,36047070203,0,22.233946727918617,-73.8599425697108,40.61336640307009
582,36047072000,2019,0.1582269935831268,-73.9200467378578,40.628850263963066
583,36047072400,1979,0.1921925722809759,-73.92705572004309,40.63410607730476
584,36047072600,2343,0.2751668792089323,-73.93387616594461,40.632413892789224
585,36047073200,2195,0.1600339283209644,-73.93360627480135,40.62792809972155
586,36047022700,3794,0.2406999979515946,-73.9572530518017,40.681508433429215
587,36047022000,4776,0.1942794568173906,-73.9955593599892,40.63616333218519
588,36047022400,5785,0.1755636131022963,-73.99031180254704,40.6405156476961
589,36047022600,2233,0.1561807635400497,-73.9863473505351,40.64198402858265
590,36047022800,3627,0.1673740171031513,-73.98152972568583,40.63912429124618
591,36047023400,4563,0.1697848002540672,-73.98794064064644,40.63387119753922
592,36047023000,4251,0.1509493797305434,-73.98428104232377,40.63781602259156
593,36047023100,3696,0.1594135689111941,-73.96083814767367,40.68578659335058
594,36047023300,5884,0.1718402277015239,-73.95749006799032,40.68879570607542
595,36047023500,4694,0.141574098948292,-73.95778486011187,40.69251300414569
596,36047023600,5549,0.1698509661342457,-73.98968756135658,40.63219048924187
597,36047024400,3609,0.1552791731778087,-73.98623637691577,40.62174746627483
598,36047022100,3976,0.1520822272811069,-73.95435595146499,40.67616704728899
599,36047024000,4823,0.1697509658724896,-73.99318616315679,40.628831581766036
600,36047024200,2868,0.1914492877643269,-73.9928098333078,40.6258677563889
601,36047024500,4491,0.1668496645985696,-73.95190117348156,40.68288096092964
602,36047024600,2880,0.1728808376552835,-73.98113931801377,40.61816983502216
603,36047024800,2653,0.1760279402474089,-73.98999307203917,40.62136294411854
604,36047024900,4018,0.168495369723214,-73.94839039113,40.6829833276924
605,36047025000,1853,0.1735065967061252,-73.99583822657328,40.62362574977278
606,36047025100,3741,0.1384881093778039,-73.94938779130472,40.68785455696743
607,36047025200,5299,0.1812744730364703,-73.99213914342158,40.61982890537343
608,36047025300,3496,0.1618280896263428,-73.9503365471001,40.69262182833172
609,36047026000,3214,0.1628645972404193,-73.9923456726764,40.61691713337916
610,36047025600,3199,0.1732797801560916,-73.98566616110756,40.61499501165689
611,36047025700,2476,0.1811262369993409,-73.94734433173544,40.69821793310206
612,36047025901,2257,0.0802193018836663,-73.94622431491979,40.69496732932959
613,36047075600,2150,0.1735475498056078,-73.94798942087662,40.61685623295898
614,36047034900,6145,0.1632121178024652,-73.92977822082145,40.66827710982356
615,36047035000,3124,0.1985715234774875,-73.97894879756566,40.5775623129081
616,36047035200,1254,2.3920324399488013,-73.97961888907729,40.571429588760914
617,36047035400,5765,0.3780718797098146,-73.97261482340814,40.58013295283211
618,36047035500,5631,0.1384078057644739,-73.93347222368347,40.664404981950405
619,36047035700,2328,0.1800635886080366,-73.92684406323046,40.66804372769232
620,36047035900,5593,0.1835723276802645,-73.92386434263577,40.67043308229013
621,36047073400,1776,0.1511055716936902,-73.93747781958815,40.62781533532577
622,36047073600,3198,0.1780182029191785,-73.93579890662649,40.62403566836146
623,36047074800,1957,0.17654809114444,-73.94689572087447,40.621893065585226
624,36047074000,3598,0.1623875974015698,-73.94125673787835,40.62739419715472
625,36047074400,2777,0.1700753185639167,-73.94311728884387,40.62232923759391
626,36047074600,2577,0.2020385367432887,-73.94263498302365,40.61860944964792
627,36047075800,1653,0.2052569455438712,-73.95196191583778,40.616475079665605
628,36047076000,2930,0.1815815636627074,-73.95478848763494,40.621356922419324
629,36047076200,4285,0.188041911030215,-73.95648587226215,40.625718527508276
630,36047076600,2103,0.0825783620113815,-73.95684201830565,40.63318712400543
631,36047096200,1838,0.1790988857184901,-73.91051735202664,40.645026742106424
632,36047077000,2820,0.1632840984728033,-73.95382953102914,40.63613615213623
633,36047095800,3345,0.2343756221771322,-73.91168594015313,40.64082208758058
634,36047096000,0,0.4238865202171737,-73.91476654367648,40.645926968822955
635,36047096400,1978,0.1765830122170927,-73.90726865659471,40.641950069536456
636,36047096800,1713,0.1490200690501655,-73.90387690555535,40.644141804900535
637,36047097000,2868,0.1634507666132724,-73.90735299731858,40.64726004363256
638,36047097400,2743,0.2523505730099305,-73.89976579315287,40.646984105129576
639,36047098400,1998,0.1128203556137556,-73.89178955338134,40.64657791028681
640,36047098600,2856,0.1559701242757062,-73.89431956553202,40.644936461375046
641,36047099000,1744,0.1637222507558056,-73.8985619667509,40.63937034242989
642,36047099400,2126,0.1739700287558683,-73.90439925896544,40.63575972441295
643,36047101000,2284,0.1713432063370024,-73.89497202337903,40.636028164662015
644,36047099800,3588,0.4897099970929748,-73.90840757870234,40.62957735694376
645,36047100400,2677,0.132054261671451,-73.90379998127212,40.63064927856842
646,36047100800,2250,0.1488984275890356,-73.8980664320802,40.63413314701636
647,36047101200,2288,0.160759597121133,-73.8936676743955,40.63972651791978
648,36085001100,3314,0.3250893920494668,-74.08266536783333,40.638776343875165
649,36047101400,2178,0.1549534947339831,-73.89067344890785,40.641662574289754
650,36047101600,1715,0.1124178005213142,-73.88814085986452,40.643302985675106
651,36085027706,3489,0.4386372213894253,-74.1619016311765,40.5909369417286
652,36085014605,3853,0.8826616974441376,-74.1501223708674,40.55869851281203
653,36085014606,5963,1.768928375757041,-74.14262203315735,40.56255983047769
654,36085015100,5374,1.0042595046811251,-74.12759254684279,40.61953365391582
655,36085015601,6391,1.4299545577062085,-74.15457775321318,40.542152354486255
656,36085015602,3242,0.8810725704173565,-74.16180343748086,40.53601991076476
657,36085015603,4844,3.640154597073431,-74.14625642678763,40.531878390431785
658,36085016901,3808,0.8234397377703863,-74.10945872970876,40.61238677145577
659,36085014700,3124,1.6690327573068753,-74.11642585528196,40.61925742955266
660,36085020100,3524,0.6281747442257288,-74.13426466600627,40.62403873613216
661,36085031902,5343,0.9872257470514468,-74.16567143255752,40.63951767696862
662,36085000300,2004,2.5030836384210944,-74.06595785392382,40.64440252113604
663,36085000600,2311,2.7122690288855265,-74.06029349600813,40.61741152042052
664,36085000800,5238,0.799850920218036,-74.0677130682403,40.61195136976314
665,36085002900,4702,0.5269031062992598,-74.08274069548763,40.61965808570381
666,36085001700,1475,0.3060024988626558,-74.08122950315821,40.63440839617015
667,36085002002,3473,0.7717484584819507,-74.07029504828263,40.601473641929495
668,36085002100,4469,2.882235025532979,-74.06845484136178,40.63126001463319
669,36085003300,3751,0.8524731749270098,-74.0866179801565,40.62559828989489
670,36085017700,5983,3.5248208471638858,-74.10396964154592,40.60235819836753
671,36085017005,5114,1.497896749331356,-74.18141256703781,40.53935405008415
672,36085017007,5547,1.4615970055990908,-74.18794922250963,40.55849401467584
673,36085017008,7795,1.0369088360687222,-74.17974936495546,40.55589894863623
674,36085017300,2343,0.3432228019977839,-74.11827686222557,40.605279091200686
675,36085017600,4849,5.427346831860856,-74.17198053574413,40.52563709400575
676,36061023900,2781,0.0638493395777756,-73.94106421820999,40.83233750396656
677,36061023400,5072,0.1082280762950286,-73.93867037994467,40.823730672973554
678,36061023501,7044,0.1790451572818134,-73.9418352470628,40.8289967359815
679,36061023502,1986,0.0413363707201196,-73.93892766259023,40.82788807324658
680,36061023600,7761,0.3911416953017595,-73.93522367028181,40.82451271855746
681,36061023700,6682,0.5455310395972964,-73.95142978325147,40.83289748187166
682,36061024000,2009,2.9769418430188788,-73.92279284666445,40.79016456471168
683,36061024301,4658,0.1051929828929537,-73.93876010804524,40.83597213409014
684,36061025500,5999,1.0281494779623457,-73.94757076214293,40.84604357982627
685,36061024302,7756,0.326516448785015,-73.93584691704478,40.83171857548967
686,36061024500,14717,0.2120682048110317,-73.94209797316276,40.83662644420018
687,36061024900,1047,0.0606598537282659,-73.93644944545082,40.83912863012703
688,36061026300,9177,0.1571981279822651,-73.93747531871902,40.84682261143796
689,36061026500,7951,0.1950352420105221,-73.94013076736861,40.849621729697525
690,36061026700,1994,0.0473383142595153,-73.92864543159877,40.850328277539504
691,36061026900,8986,0.1755701424836559,-73.93097447893186,40.85055675718805
692,36061028500,7907,0.1219418845804992,-73.9280488831306,40.8615007786278
693,36061027500,3370,1.132606237961126,-73.94403905691766,40.85590447092302
694,36061027700,6538,0.163263542600669,-73.92738915292769,40.85544041291102
695,36061027900,12053,0.1800095095583504,-73.93162714212973,40.855857726498805
696,36085032300,1073,4.331608278431312,-74.17918476513465,40.63508533288637
697,36085001800,588,2.3612142805935465,-74.05417546799039,40.60168835027505
698,36085014100,2287,0.3113637126630861,-74.12689363145597,40.628861668215755
699,36085024402,4426,3.898702181365685,-74.23889246118453,40.49960831727001
700,36085027705,5809,0.5315299249821454,-74.15698203818133,40.588247947633654
701,36085012806,5445,1.8996582255467795,-74.10732554743838,40.557576967693336
702,36061002000,4586,0.2641613959866044,-73.97284123256017,40.719331850983124
703,36061001501,7398,0.4324278373131723,-74.00159079470608,40.70771002581147
704,36061001600,6968,0.207383689180204,-73.99326597871901,40.71595679077098
705,36061001800,6788,0.2229692960805231,-73.99084079239614,40.719046381452486
706,36061002400,4192,0.6525995402253949,-73.96978688444948,40.722672942806355
707,36061004000,8105,0.1783329291506991,-73.9860235431917,40.730744676256876
708,36061002201,6565,0.1616665303670099,-73.9818442535781,40.71911562904462
709,36061002202,2099,0.0561115441001625,-73.98114117214942,40.72125973628512
710,36061002601,3488,0.1060461275520209,-73.97993023553137,40.72258497844648
711,36061002602,3946,0.1036912251486241,-73.97861595367974,40.72439010202443
712,36061003300,5224,0.3416777056641321,-74.0061463358787,40.718862391090425
713,36061002700,1341,0.0592823485723378,-73.99901209997113,40.71255078526645
714,36061002800,6765,0.1836241429845943,-73.9768122459699,40.72686311154986
715,36061002900,5924,0.2733608243208622,-74.00054006601471,40.71415952245203
716,36061003001,3815,0.1241539374220602,-73.986838699323,40.72100565896413
717,36061003100,2525,0.204969493944026,-74.00381509166192,40.71531095428368
718,36061003601,3132,0.0998109534228556,-73.99113967920596,40.72232220998584
719,36061003800,8927,0.2023700715389254,-73.9884655608838,40.72736694893452
720,36061003900,6931,0.7784905490729186,-74.01460674162578,40.72171088811167
721,36061004200,5384,0.0855661785107168,-73.98936699005685,40.73179958529015
722,36061004300,3968,0.1492383592472634,-73.99546625233936,40.72332372698553
723,36061006100,4747,0.1421788943008174,-73.9923266212202,40.73370786736932
724,36061008602,0,0.4237579525664069,-73.96391761254918,40.74854436906915
725,36061004500,980,0.1049464420512808,-73.99939120601591,40.72057011867585
726,36061004700,2474,0.1654222471058906,-74.00286276396345,40.72241896948799
727,36061004900,4404,0.2073199926173384,-74.00048019270224,40.725060715803764
728,36061005400,4768,0.1679589766529629,-73.99367797583582,40.73881120923548
729,36061005501,4727,0.1244462747590876,-73.9970830276783,40.727673330922556
730,36061005600,4250,0.1744233583847026,-73.98729736870435,40.74179219548646
731,36061005700,2756,0.1080467786815383,-73.99239103962121,40.72941589495492
732,36061005800,4315,0.1746688797262192,-73.9905172239494,40.743149792603795
733,36061006000,5741,0.419754919192477,-73.9702676071464,40.73216426598742
734,36061006200,4444,1.1558059365029263,-73.96921918067495,40.73710885537144
735,36061006400,7643,0.1791947076385679,-73.98145695254703,40.73694878117402
736,36061006500,6337,0.2011308659354398,-73.99957735202506,40.729968485628156
737,36061007000,8301,0.1773325047484838,-73.9769614237814,40.743184949073715
738,36061006700,5431,0.1684781091268402,-74.00412046105198,40.73045131829177
739,36061006800,7876,0.1744427442278202,-73.98408028474734,40.74043660008068
740,36061006900,2485,0.4960292156171129,-74.0135243099125,40.73061010810435
741,36061007100,5530,0.1649989512476882,-73.99991389994675,40.73544765786731
742,36061007300,5759,0.1652994388789083,-74.00410652495569,40.73411463330194
743,36061008700,6556,0.1654429625673887,-73.99699615972897,40.74224391569024
744,36047043700,5696,0.1681263838293972,-73.90842394865109,40.69324503159855
745,36061007500,3603,0.4495678184552616,-74.01282099885013,40.734380211624554
746,36061007600,2092,0.1742764454207987,-73.98729803225588,40.747567210503426
747,36061007800,9422,0.1774723071416813,-73.97467287134086,40.746323496220484
748,36061007900,4425,0.7879822152678733,-74.01223808306385,40.73952495169386
749,36061008100,7481,0.1743056500638709,-73.99877149685327,40.73980523857871
750,36061008400,1746,0.1730665671626434,-73.9840942150373,40.75196945634661
751,36061008800,7416,0.1792557077360562,-73.97238467797608,40.74949966078068
752,36061009600,177,0.17533060855523,-73.98088610326292,40.75637479493936
753,36061009000,7633,0.1746910254745709,-73.97009390549923,40.75265855156998
754,36061009200,1474,0.1970227856871321,-73.97474222315277,40.75364757786897
755,36061009300,9440,0.1790995851516861,-74.000875275865,40.747111892129865
756,36061009400,71,0.1527535288450724,-73.977746330863,40.75522795142815
757,36061009800,7302,0.1770619366753011,-73.96777454141281,40.755787977845145
758,36061010300,2065,0.1744681963211279,-73.99721721571689,40.752135064968755
759,36061009900,5981,2.132710237282919,-74.0082068387867,40.75235978822351
760,36061010000,1741,0.1728956926909017,-73.97123181326029,40.75806527294962
761,36061010200,122,0.1728919385080666,-73.97444934048892,40.75942381633725
762,36061010400,811,0.1732309548403582,-73.9776728691154,40.760779084238635
763,36061011900,1071,0.1775903200932293,-73.9860246562699,40.757315117088034
764,36061011401,1173,0.0985079280009585,-73.97049389329551,40.76484022829677
765,36061011402,1880,0.0987979147736578,-73.96727886050738,40.76348305269365
766,36061011500,3663,0.175588806739925,-73.99354855784577,40.75716794549383
767,36061011700,4191,0.3641644996792544,-74.002552582619,40.76102960342948
768,36061012000,3144,0.1730248387088259,-73.96476727543806,40.76692638683484
769,36061012100,7763,0.178158507523325,-73.99170036264485,40.75970918533854
770,36061012400,9782,0.2466752739359932,-73.95266725281331,40.76628086348969
771,36061013500,9705,0.8339052776538904,-73.99626230657458,40.770242747643735
772,36061012700,6707,0.1740243075259311,-73.98985605285363,40.762237043535904
773,36061012800,5384,0.1787942252434669,-73.96151717495997,40.771380915072044
774,36061012900,8351,0.8114627004389514,-74.00003390537138,40.76490736620195
775,36061013000,3314,0.1782256668070423,-73.9647331588882,40.77273639356235
776,36061013200,10999,0.293799470275171,-73.95012840366111,40.76916934357263
777,36061013300,6228,0.1743547667950014,-73.98803515505831,40.76473807474709
778,36061013400,11360,0.1817673470084683,-73.95616576110542,40.77170148493096
779,36061013700,5994,0.2263545938915635,-73.98023790646235,40.76521435468923
780,36061014401,4720,0.0743204080719022,-73.9475521855083,40.77524845549569
781,36061014000,7194,0.1791074369603852,-73.95821001114189,40.77591411660085
782,36061014300,2,3.559268914662303,-73.96555801880714,40.782474363158514
783,36061014500,6153,0.1771374228904668,-73.98427288328938,40.76982086802504
784,36061014601,4182,0.0743406276479556,-73.95216079124121,40.77719164380566
785,36061014801,2810,0.0519790098900786,-73.95607432429388,40.778841618833944
786,36061015400,14134,0.1773846085586307,-73.94912459166888,40.7813492672331
787,36061014802,6504,0.1256209581633185,-73.954432111675,40.78109268968754
788,36061014900,4992,0.1740535289396199,-73.9824832390602,40.77235429838212
789,36061015100,10143,0.6390786891722847,-73.99251239917953,40.77528207499068
790,36061015500,10290,0.4120380716229746,-73.9903088054213,40.77872319255335
791,36061015700,9586,0.1823905375823475,-73.97878953859755,40.777417392756675
792,36061015801,5099,0.1257544517608959,-73.95210366767293,40.78427840218328
793,36061015900,9517,0.2859055362378857,-73.9873882104506,40.78053085472161
794,36061016001,3465,0.1256153644879362,-73.95532231564879,40.78563493100564
795,36061016100,6281,0.1557357660350888,-73.97719347938765,40.77994903429388
796,36061016800,5115,0.1992775899003945,-73.95135649902156,40.79107511995711
797,36061016200,9412,1.1045753810603371,-73.93570056494093,40.78417487182178
798,36061016600,6377,0.1742191059493171,-73.9483927572092,40.789373132022405
799,36061016700,6189,0.3384359935227503,-73.983688053712,40.78645712762004
800,36061017000,7829,0.1829165471336359,-73.94214684253373,40.790902454190906
801,36061017100,8694,0.4118854911814285,-73.98247300797259,40.78906437742255
802,36061017300,7580,0.1786021559394057,-73.97123612575446,40.78777046930015
803,36061017402,2375,0.0507308993485636,-73.94716243059032,40.79680257841312
804,36061018100,8496,0.1384371462843072,-73.96774591576245,40.79255597247031
805,36061017500,10558,0.4090882758218548,-73.98062912531104,40.791660544633565
806,36061017700,9265,0.1745610225951183,-73.96938905161615,40.79030826034473
807,36061017800,3987,0.4586586975279831,-73.93212649808508,40.79379761061949
808,36061018200,7902,0.1768999327049325,-73.94185110930358,40.79832111492027
809,36061018600,6909,0.1217398873932292,-73.94970882539708,40.79910595511311
810,36061018300,7827,0.4122200402172928,-73.97686182291629,40.79675258082888
811,36061018400,7116,0.1765789537272947,-73.94506871047443,40.79968409976419
812,36061018500,4893,0.130394472677339,-73.9663637427053,40.794499944013396
813,36061018800,5437,0.1485313581921394,-73.937259947586,40.797594817857636
814,36061019200,3802,0.3654990566988654,-73.92940686201823,40.79946727057705
815,36061019300,10255,0.1757161314282028,-73.96195643342924,40.800505127690265
816,36061019701,639,0.2359756222811732,-73.95939934731993,40.805311041977106
817,36061019400,6166,0.1750566394036843,-73.93518592028217,40.80046510577027
818,36061019500,7167,0.3847355619903403,-73.97119701404874,40.80425880835352
819,36061019600,4310,0.1771881534563492,-73.93857615595937,40.80280543561602
820,36061019702,2478,0.047395366144638,-73.95798786624165,40.80218901017032
821,36061021100,10824,0.6559380475293424,-73.96351003332032,40.815733555128524
822,36061020000,3606,0.1292857861883003,-73.94523363628664,40.805785916458845
823,36061020102,4137,0.0833501184322022,-73.95663292750639,40.80505105360708
824,36061020300,3607,0.1782223176231311,-73.96156170324814,40.808669040217865
825,36061022700,5218,0.1507043451826099,-73.9464621491936,40.82296622645878
826,36061020600,3432,0.1487475448395938,-73.93878527798994,40.808291668803605
827,36061020901,3511,0.115806595875902,-73.9550032150026,40.811557822459136
828,36061021000,7540,0.3200010339034613,-73.93474764966122,40.813919401881144
829,36061021200,4112,0.17639844838157,-73.9390011162276,40.81376099451989
830,36061021400,3373,0.1355765578101271,-73.93620530813212,40.81778735349734
831,36061021703,11,0.3138614322479018,-73.9497562967957,40.817934910653996
832,36061021800,6236,0.1818704240417252,-73.95252412926253,40.80322212944933
833,36061022400,7586,0.1946904836695483,-73.94695979111567,40.81112220277744
834,36061021900,6008,0.4711951398145885,-73.95996834021844,40.818747559504466
835,36061022102,2605,0.0989995666429918,-73.94618616662835,40.81865440279699
836,36061022302,3175,0.1569876276759962,-73.9604342441041,40.82158604328457
837,36061022600,4954,0.1529794022164909,-73.94481159463022,40.81343045240532
838,36061022800,6162,0.1806345955821072,-73.94324531498765,40.815929729246044
839,36061022900,9205,0.3424963046851836,-73.95449219113098,40.82700986059554
840,36061023000,8717,0.1736871527601803,-73.9413895480758,40.81847246834747
841,36047152200,3717,0.3898631320379321,-73.96718411449335,40.643973591021435
842,36081044400,3529,0.8971322019598725,-73.78184631507132,40.7057625680552
843,36081058200,4838,0.5636490115254907,-73.73755375011645,40.706988967357645
844,36081108500,2337,0.4448141401876195,-73.7890719716264,40.7724452878335
845,36081109300,2937,1.5288259974060934,-73.77072508932031,40.77496976647084
846,36081141700,4871,0.8922851960574928,-73.79172033728779,40.74481467699282
847,36081006202,6459,1.1957911199580256,-73.8549364765432,40.66532856469319
848,36061016900,8375,0.1800025793657856,-73.97311955673115,40.78519591326728
849,36061016400,7474,0.1773876069942986,-73.94447447447605,40.78771406188758
850,36047051601,5252,0.1159235626536143,-73.95671057907808,40.6386226902196
851,36047061003,1669,0.080175433811869,-73.95869373533019,40.581431189850456
852,36047061004,6221,0.2244918321417633,-73.9557651781917,40.57987419874685
853,36047069601,3248,0.5046913672943415,-73.91478560875485,40.6272281178548
854,36047069602,5812,0.8610337062858473,-73.90865058377173,40.622729648444746
855,36047079801,2869,0.129679466872818,-73.95871857842658,40.66001088884806
856,36047079802,5441,0.1063658458909109,-73.96137114792266,40.657990655717924
857,36047105801,5809,0.4184416459551199,-73.8805956786962,40.64922048237892
858,36047990100,0,17.794175300412725,-74.00795855552607,40.57400177686219
859,36081029400,7000,1.0645032788112052,-73.78106543390412,40.67132391161341
860,36081012500,1762,0.1630491480008228,-73.91566954103268,40.77092673680043
861,36081065703,2746,0.2684504893077024,-73.8752977434538,40.715118641957574
862,36081008500,883,0.2730419711985099,-73.94072232223417,40.76002151298365
863,36081026901,4965,0.1142132663731643,-73.88221139555834,40.74687438527667
864,36081074900,1429,0.3590643971182814,-73.84007536473773,40.713249855911165
865,36081099802,6422,1.124032010749684,-73.7585001369804,40.59003080956108
866,36081035700,3710,0.6185256028960304,-73.8712398972714,40.76801543178825
867,36081006502,3494,0.1533658783211607,-73.91511943911067,40.76679513565064
868,36081061301,5742,0.7127016974671315,-73.89318477733265,40.70896490735674
869,36081072300,2050,0.4700541337244902,-73.84774396319146,40.71623979065903
870,36081086900,1771,0.6135813741066399,-73.83380503927435,40.765327002648775
871,36047117000,1791,0.1538119992068333,-73.88618102548632,40.677600014028684
872,36081015801,3746,0.295608193086391,-73.812332193903,40.68888291179632
873,36047101800,2295,0.2837638678465694,-73.88598595622166,40.642857181985114
874,36047102000,2217,0.1570412352133661,-73.88701814343798,40.63837846611275
875,36047102600,3023,0.1359189102787119,-73.89848048586195,40.62960676061156
876,36047103400,4294,0.8884075175482774,-73.8818527638186,40.63359714189739
877,36081018501,3182,0.098521671459037,-73.92243123784809,40.73870965394999
878,36047107000,2330,3.9990903439033754,-73.86858463099819,40.64747922466127
879,36047107800,4662,0.5065292766098088,-73.87595894582537,40.65884167220731
880,36047109800,2359,0.8543826902093178,-73.90165060966196,40.65266172458558
881,36047112200,3168,0.1622831581854659,-73.88592230194685,40.66372793816839
882,36047112400,3054,0.1778487311161322,-73.8871536163633,40.666003665873426
883,36047112600,3237,0.1684995920148791,-73.89311181891927,40.664898592598114
884,36047112800,3764,0.1841924166028036,-73.8921087734329,40.66174109572296
885,36047113000,3699,0.193832304182822,-73.89647073045401,40.662172119416844
886,36047113200,1973,0.1961923414064728,-73.89888845358031,40.66128840942965
887,36047114201,1554,0.3009154640451618,-73.89726902078021,40.680489477652884
888,36047114600,2852,0.1601024568817787,-73.89234184036319,40.67920656607361
889,36047115200,3122,0.1661359284465682,-73.89093008243943,40.673269302916374
890,36047115600,3924,0.1598623621632516,-73.89589468086335,40.668326679049514
891,36047116000,2324,0.1514148502951904,-73.88853048871925,40.6694195087659
892,36047116400,3596,0.1815664687402831,-73.88118217602126,40.67050986259268
893,36047117201,2745,0.1291480809231445,-73.88751490017061,40.68081166292033
894,36047117202,3756,0.151828743461001,-73.88376497513997,40.68273650203299
895,36047118202,3317,0.1243248255200049,-73.86900205023255,40.68866461495072
896,36047117400,4143,0.2128590153672742,-73.87978615716123,40.68285839354654
897,36047117800,1694,0.1405975261430217,-73.87428812187285,40.681651351173834
898,36047118000,0,0.751601421506971,-73.87774186487717,40.689482568326035
899,36047118201,2868,0.1263862490768315,-73.87189759421418,40.68790854465377
900,36047118400,5105,0.2049450656752147,-73.86941001150085,40.684304085682385
901,36047118600,2960,0.1315273151960753,-73.86778110488478,40.681465948345284
902,36047118800,4536,0.1743757788049872,-73.86591389428413,40.679041182083495
903,36047119200,3090,0.2254432132692138,-73.87815740573551,40.67711011415574
904,36047119400,4892,0.1828418111057212,-73.87706019280307,40.67255269879467
905,36047119600,4993,0.3064502153650913,-73.87316337290552,40.67589564155635
906,36047120000,2630,0.1505270346255438,-73.86727230404077,40.67487741050953
907,36081053100,3417,0.4234972807607877,-73.90833412344874,40.723057805545515
908,36047120200,1933,0.153054548455361,-73.86436390954965,40.67634143385578
909,36047120800,10413,0.4747277939643478,-73.86518399600102,40.671339375162866
910,36047121000,4196,0.1587078822102879,-73.87224481335375,40.67009079170708
911,36081084900,6909,0.3035038913988925,-73.83299951780516,40.75470716476035
912,36081003300,3569,0.509000882349102,-73.93809959978309,40.75438448254145
913,36081019900,697,1.6785301328209763,-73.93403620848277,40.73519694972623
914,36081067100,2455,0.2291060519383924,-73.87810249118795,40.724475178650245
915,36081006201,5593,0.4029110365087919,-73.84678624908663,40.66679639026868
916,36081006501,3450,0.1111034251050622,-73.91767478337586,40.7680443291145
917,36081018101,3497,0.096144914454373,-73.92412327404416,40.74450991399403
918,36047022200,4008,0.1761841977544476,-73.99296348737626,40.638239441728516
919,36047122000,5945,1.0903912809976433,-73.86286717743216,40.66376377414144
920,36047013000,4615,0.176430063394931,-74.02138429132042,40.632587335791584
921,36047017000,3484,0.2090447834989754,-74.01263397649372,40.61013307397849
922,36047020100,3945,0.1753788404324619,-73.96338752132841,40.68384767509922
923,36047121400,4820,0.1733532888048601,-73.86517917292429,40.66749429458711
924,36047023800,3634,0.169883465492913,-73.99143762760842,40.630511183848846
925,36047024700,2672,0.1797391769483491,-73.94926970929413,40.679443136831665
926,36047027300,3431,0.1497000427718096,-73.93743825483298,40.681084096206654
927,36047028000,1829,0.1947631566476552,-74.0070330758702,40.60101111022949
928,36047032600,6730,0.329186369469211,-73.98821146248667,40.576529540445485
929,36047052500,3270,0.12414157151836,-73.95997835880934,40.70888331781924
930,36047034700,3350,0.1397773756426875,-73.9279721656047,40.67265827801588
931,36047041000,2048,0.1428710192733479,-73.9754513518307,40.600979712320324
932,36047048600,3200,0.1754359741077649,-73.97842516590221,40.63891909474919
933,36047059300,2022,0.1879780500932298,-73.93833332604225,40.7259963098899
934,36047052800,1799,0.1755953537725278,-73.962608581866,40.63084714938674
935,36047053800,5180,0.1644497329083046,-73.95683502005363,40.618198249891904
936,36047054200,4008,0.1891686014320887,-73.96097895279225,40.61280273666948
937,36047064600,2190,0.1656344395939361,-73.9395351277751,40.61591474320438
938,36047075200,1031,0.1731954684198133,-73.95254616701693,40.62615314202574
939,36047081800,4528,0.1579197489413588,-73.9479751850784,40.653092256576194
940,36047102200,2171,0.1628479900915927,-73.89001055939069,40.636441286855906
941,36047113400,3105,0.1534200658623234,-73.89960815333143,40.66777933702027
942,36047115800,2878,0.154981056534769,-73.8921623519701,40.66888090292685
943,36047116600,3128,0.1593934146375161,-73.8822051725084,40.67456273869544
944,36081099703,3746,0.576604417848309,-73.77470508120896,40.782975234576895
945,36081099704,6847,0.6759149780221648,-73.78068433817691,40.78172963949599
946,36081099705,2470,4.979000259092781,-73.77576306569648,40.79360199707861
947,36081099801,8592,0.4567092987529493,-73.75759916509104,40.59808345507783
948,36081093402,4403,0.8550145495847487,-73.83937024672753,40.57551440915785
949,36081100802,8976,1.1836685147667658,-73.76418653843275,40.602996190652156
950,36081075702,4898,0.3527033437564311,-73.84019942499414,40.7243374856527
951,36081079701,6676,0.1113126312683755,-73.82475600953333,40.753345437219814
952,36081044302,4076,0.2779723033385752,-73.86406284109299,40.73981221246287
953,36081129103,3887,0.4585360522883736,-73.75971188241505,40.73670421365596
954,36081129104,4455,0.7082582151317823,-73.75006906344123,40.73809513760312
955,36081071303,5431,0.1406471902577225,-73.84953950272605,40.72580999469195
956,36081071304,6054,0.1548710974086909,-73.85408113917997,40.728860935446306
957,36081071305,4862,0.1349999942601775,-73.85147736455167,40.72418633390461
958,36081071701,4805,0.1900656935779323,-73.85988101837806,40.73133334701521
959,36081071702,3915,0.226981055982544,-73.8628305067527,40.73347697653696
960,36081075701,5022,0.1976455961789069,-73.83481669203825,40.71822003742495
961,36081093401,3734,1.096663729934093,-73.84662012421994,40.58091946965992
962,36081038301,0,0.710348607776911,-73.84182256400868,40.76112608037215
963,36081097203,7356,2.3354955552663674,-73.78025695541248,40.60239098698895
964,36061021303,6283,0.1532916775199014,-73.95313912128803,40.81455873859331
965,36061023100,6807,0.1826746993539777,-73.94409351872393,40.825830192032576
966,36061023802,6086,0.5570663782332611,-73.94219961924733,40.768399172029476
967,36061031704,10224,0.6978173945259711,-74.02015571854471,40.70842841662503
968,36005040502,7264,0.1412166351543561,-73.88896131086011,40.86587799658022
969,36005018102,5294,0.096381063870095,-73.91813839003876,40.83226498937309
970,36005020502,2160,0.1014606938978323,-73.91948001604186,40.851377045582986
971,36005022101,4133,0.0681183994382711,-73.91812321996272,40.838277775922215
972,36005024501,4871,0.1130648059774429,-73.91546182438302,40.85287933609004
973,36005027401,4693,0.7011162370488401,-73.82263029224168,40.84044447111854
974,36005029302,5569,0.4252352087080505,-73.9158618783729,40.87927952942448
975,36005038301,5084,0.0947762407350661,-73.89852103147254,40.85720742634864
976,36005040501,4399,0.0828618699395257,-73.8909324253295,40.86712932050847
977,36005032600,3407,0.3311845725481345,-73.85547774715282,40.86218776458006
978,36005018500,9001,0.4121499643479616,-73.90746997903415,40.82670391908244
979,36005005002,5592,0.1139022955923909,-73.87843502263462,40.82736289374844
980,36005012901,4419,0.1563806121306267,-73.89873397855796,40.82262940470478
981,36005015200,2481,0.2843100797119558,-73.82490956508546,40.82638086352401
982,36005014702,5435,0.1163050040838527,-73.90439142760698,40.836534976781294
983,36005017701,4650,0.1066292685284275,-73.91117740689221,40.833195753947045
984,36005017702,5423,0.140906097481211,-73.90954982735789,40.83617756067831
985,36005017902,4032,0.0775435926768598,-73.91349888017326,40.8370141786702
986,36005018101,3351,0.0772258893992859,-73.9161111939835,40.83160743282631
987,36005018302,3824,0.1122875035090115,-73.91875209881972,40.82791192922288
988,36005020501,6976,0.2681652407846138,-73.9236597407904,40.84744094552212
989,36005021001,8930,0.1924029775615558,-73.85827939620457,40.84080545503367
990,36005021002,7613,0.1720526212493272,-73.85651580693967,40.83847854588177
991,36005022403,3194,0.1248624961701561,-73.86543046710875,40.85647625321558
992,36005024502,3677,0.1001537939243509,-73.91356534567163,40.855109405220546
993,36005026701,4185,0.0691601961756331,-73.90122759470053,40.86935191669576
994,36005027402,3481,1.2113268157775587,-73.81467276854349,40.84287025137918
995,36005029301,1806,1.0198111299811583,-73.92559233574643,40.883883209745434
996,36005030900,3709,3.517714335062444,-73.91795498614078,40.89961098519314
997,36005033202,4033,0.1152042443541008,-73.86894133710747,40.863381803919246
998,36005038302,6032,0.1456879825716204,-73.89500570735487,40.85745435228097
999,36005020000,4711,0.3418938648959955,-73.8455162139663,40.84283485157407
1000,36005033500,2048,0.6965632222396259,-73.90520178074256,40.894303677721304
1001,36005039500,4257,0.4094011968760394,-73.8966814379654,40.84819856692888
1002,36005033700,2521,0.4240375957006417,-73.90251819824458,40.90631072747184
1003,36005034800,5707,0.4374657795540135,-73.8530706101308,40.86944709605239
1004,36005036000,3271,0.2661759480533014,-73.8431181563723,40.866840488541946
1005,36005004200,7697,0.4833556095373887,-73.86200678031368,40.82393053891401
1006,36005043400,3710,0.350972067599857,-73.8523390857377,40.898210644278215
1007,36005044400,4295,0.3650649671137662,-73.8437344287794,40.899500447835905
1008,36005001900,3141,2.8111647295511943,-73.90961570826728,40.80121839471535
1009,36005005100,5737,0.5104455978341282,-73.92756757738883,40.81320613387687
1010,36005009300,6154,3.903472061634346,-73.88577650880542,40.805705348887464
1011,36005037504,3323,0.2397200196701599,-73.89266902253168,40.85030622433715
1012,36005009600,2792,0.7188084500126847,-73.84365974957596,40.83449537867533
1013,36005011700,1443,1.7891248992637463,-73.8746882201362,40.8090972267746
1014,36005020900,4287,0.1324665801736239,-73.9150173125402,40.84307037114181
1015,36005022200,3293,0.2211874824940168,-73.85520501851312,40.83568785041143
1016,36005023800,2241,0.3395467547134987,-73.8610936053676,40.84370809163346
1017,36005045600,3220,0.843451246652108,-73.82111135690168,40.888700552708215
1018,36005005300,4888,0.0725954823615864,-73.92177839432703,40.85221548661041
1019,36081011000,3234,0.1650440533909985,-73.83501424899141,40.68731417796778
1020,36081007500,3959,0.1292255606344436,-73.92732994338186,40.764543553398745
1021,36081006300,5690,0.2125040611517006,-73.92002401709036,40.76448449868927
1022,36081007100,3344,0.1950584825772623,-73.92304851147894,40.76908471245926
1023,36081010000,3686,0.2233525463152645,-73.82888511622777,40.68115363338911
1024,36081010300,4136,0.2504652170647056,-73.91507726964728,40.78105997200845
1025,36081010500,4522,0.1980213043093404,-73.91294843639692,40.78279063127463
1026,36081010600,3733,0.1730071200424755,-73.82496395706002,40.68568300689085
1027,36081010701,0,2.9682273736095177,-73.90076711536665,40.78599887042841
1028,36081011200,2279,0.1891916083481937,-73.83907264611469,40.68410115831712
1029,36081011300,4463,0.178676031005529,-73.90846590989631,40.776257908303734
1030,36081010200,2817,0.2138605088168952,-73.82296753308495,40.67877792614861
1031,36081011500,2438,0.1855566856930763,-73.91334640618665,40.77442060488525
1032,36081012602,2792,0.1489748840580307,-73.84070533734082,40.693169498093184
1033,36081011700,3574,0.2128258434752788,-73.91045578455517,40.77222974838255
1034,36081011800,2522,0.1570861050447039,-73.83389664104773,40.69065147236549
1035,36081012200,3128,0.2101831848188654,-73.8310666082315,40.696497036267225
1036,36081012301,2782,0.5915153827486385,-73.8990845322697,40.77578746298658
1037,36081012400,3374,0.197659883068401,-73.83430353518932,40.69520631750437
1038,36081013200,2265,0.1923556952356162,-73.83438866650701,40.701294004336745
1039,36081013700,1773,0.1999307634188847,-73.9049146710219,40.7689714175905
1040,36081013400,4678,0.190807375636688,-73.8349793978457,40.705279717839346
1041,36081013500,1306,0.1357579275734667,-73.89897696985571,40.77064877750685
1042,36081013600,1874,0.1514059021063147,-73.82865377093721,40.70659699475867
1043,36081013800,3608,0.1697558164644387,-73.82516310005833,40.70657983287692
1044,36081014000,3766,0.2221058418932054,-73.82904822937152,40.703725676087856
1045,36081014202,2856,0.6181314759582045,-73.82034709006278,40.698666267265615
1046,36081015400,2170,0.1501423972551805,-73.82055892301224,40.692195547208755
1047,36081014500,2412,0.1277343102723185,-73.90750791337089,40.764280932213424
1048,36081015000,2899,0.1471164722918004,-73.82115496952348,40.69340635944195
1049,36081015200,2822,0.1852949057951688,-73.81378235604478,40.693745426945625
1050,36081015500,2358,0.1475078708871539,-73.91759620264543,40.76003507497768
1051,36081018502,3367,0.0983898435293615,-73.92206471093355,40.74055461632232
1052,36081015600,2908,0.2094763055462594,-73.8206072314476,40.69034436795614
1053,36081015700,1305,0.1284640213106417,-73.92192583723465,40.75501467981885
1054,36081014700,2768,0.14794947003327,-73.91075213337989,40.76299761104248
1055,36081014800,1719,0.1570575745972658,-73.82237287159533,40.69450214907355
1056,36081014900,1842,0.1065956198499399,-73.91444419743867,40.761853764528425
1057,36081016300,3519,0.2182538623154065,-73.90988195841655,40.7563080643047
1058,36081016600,3984,0.2028840412318774,-73.82070453760397,40.68127652402081
1059,36081016800,3257,0.2113815515493243,-73.8172334380611,40.679367457929786
1060,36081017200,1913,0.1910640757117684,-73.81140107268743,40.6823328390908
1061,36081016900,5683,0.2310790564152586,-73.91435915458997,40.74827257706954
1062,36081017000,2622,0.2174592269013587,-73.81200172834643,40.68431436734205
1063,36081017100,51,1.2489570162716015,-73.92555014717568,40.74974971818872
1064,36081017400,2285,0.1905750199208319,-73.81055181220773,40.680578675341955
1065,36081017600,2135,0.1898355631331692,-73.80971370744642,40.678824987752215
1066,36081018000,1328,0.1382414062044784,-73.80541153264788,40.675785689209405
1067,36081025301,4386,0.1271918088705159,-73.91651627822007,40.74456848267667
1068,36081020400,2350,0.2866424306627711,-73.80341542200973,40.69517008166444
1069,36081018200,2499,0.2607439869689516,-73.7991565597077,40.67615657987204
1070,36081025302,3046,0.1050284378002337,-73.91313545440745,40.74416882524858
1071,36081018401,2114,0.1903466447223145,-73.792220770123,40.675191266104164
1072,36081018700,3069,0.2364440197988757,-73.92467454552988,40.736657786650795
1073,36081018402,2431,0.2125446946175468,-73.79436115252689,40.67894776150604
1074,36081018600,1869,0.1809475002818476,-73.79895723501629,40.679877630338915
1075,36081018800,1449,0.1788693850195784,-73.7998473424657,40.68162559676823
1076,36081026902,3603,0.0784802239121117,-73.88295384583893,40.74461460439824
1077,36081019200,1969,0.2010455472363236,-73.80063693835193,40.68381573912363
1078,36081030903,5722,0.3517017411514982,-73.89006491275038,40.75794846024475
1079,36081019600,3050,0.2228975847808994,-73.79990846187947,40.6894694005065
1080,36081018900,3136,0.2177067198899284,-73.92799904589208,40.74008192612367
1081,36081019000,2455,0.188260669417767,-73.79522205042298,40.685386184335194
1082,36081020600,1855,0.1486131863979887,-73.80923859818824,40.694339637922155
1083,36081020800,3136,0.5439661225721494,-73.80688613367646,40.6983846472331
1084,36081021200,2434,0.2390509749205719,-73.81161449152525,40.70090982884613
1085,36081021400,6984,0.3807514211389656,-73.81520346236483,40.706066764304026
1086,36081021600,4123,0.6427898659770389,-73.82364211809413,40.709458187155704
1087,36081023000,2054,0.1658019147239201,-73.80814631678508,40.712644824254134
1088,36081021900,0,1.391501752498295,-73.91830516896894,40.7234848506217
1089,36081022001,6272,0.3957080550713176,-73.82064807834169,40.713623680616756
1090,36081022900,0,1.3411735265731628,-73.91133555047345,40.73427544321977
1091,36081043701,2686,0.1452098229578399,-73.85109102831933,40.73915410927426
1092,36081061302,0,0.4870323649548064,-73.88352775677006,40.70932737934586
1093,36081071306,6361,0.1813378525950225,-73.85604682314764,40.72616208590438
1094,36081077906,3388,0.2890768978192742,-73.81876199756826,40.72939747821445
1095,36081057900,1643,0.0683484306315326,-73.89004426965523,40.7034916657499
1096,36081058000,4140,0.5504504437911946,-73.73071525005575,40.70724571506613
1097,36081058100,3048,0.1436043420976996,-73.89378893134352,40.703969166026916
1098,36081058900,5296,0.165272635553811,-73.90503981681566,40.706240404178864
1099,36047027500,4438,0.1620786156629433,-73.93817888791857,40.68389754268669
1100,36081090700,1434,2.3548978245237246,-73.83959144254395,40.773323835505465
1101,36085018100,3055,5.229797087498015,-74.1207760498891,40.58909677619072
1102,36047026200,2425,0.1578594275652841,-73.99707860339012,40.61872848117781
1103,36047026300,2015,0.1196050011403756,-73.94513142766607,40.6894684211684
1104,36047026400,4594,0.1894550024521064,-73.99748156922186,40.61486785299786
1105,36047026600,3517,0.1658971637100435,-73.9903254406095,40.61263033805467
1106,36047026700,4055,0.1595618971886704,-73.94403820492538,40.68397314696018
1107,36047027000,2139,0.1340044844943486,-73.98998503934733,40.60586113008802
1108,36047027200,3755,0.1321478014453749,-73.9927384022523,40.608176522367
1109,36047027400,3602,0.1633653789362251,-73.99529201898234,40.61094946834695
1110,36047027600,3646,0.149395330902618,-73.99948897127216,40.61089644805044
1111,36047027700,4582,0.1621073622483406,-73.93876040323445,40.68682894501087
1112,36047027800,3118,0.1604726963230004,-74.00122108712598,40.6068585218666
1113,36047028100,4764,0.1619381812914919,-73.93992861521149,40.692688770529806
1114,36047028400,3532,0.1642561435725936,-73.99894284225601,40.60567421013438
1115,36047028800,3836,0.1528076809740624,-73.99656227608494,40.6045113493682
1116,36047028502,3205,0.1198594534693747,-73.94088499139784,40.697450768690985
1117,36047028600,5110,0.2348015752267948,-74.00277071057599,40.59870967951655
1118,36047028700,3093,0.148809786306054,-73.93542747151479,40.69563534749013
1119,36047029000,3580,0.1547107521759611,-73.99434781994695,40.60317414161369
1120,36047029100,2991,0.1646444367800466,-73.93354102102278,40.69042721872426
1121,36047029800,3794,0.2208276821363094,-73.98790745277167,40.600823302729445
1122,36047029200,3033,0.2972448606235723,-74.00116129159521,40.59677554057202
1123,36047029300,3437,0.164460727305994,-73.93295815556488,40.68749677681732
1124,36047029700,4253,0.2055621699207648,-73.93161762383485,40.68127272687336
1125,36047029900,2941,0.1422183758485846,-73.92579786647039,40.6781447882873
1126,36047030000,4207,0.1950514849940031,-73.98874439276267,40.59740307403198
1127,36047036001,3155,0.0948126067561709,-73.96555911947841,40.57578954839259
1128,36047037000,4231,0.3362410678192574,-73.96316501444107,40.58784924210002
1129,36047037100,4711,0.1893463226017695,-73.91383953473809,40.68028731327955
1130,36047037300,4486,0.1708091363055412,-73.91521537664396,40.68394877769433
1131,36047036200,3855,0.1711094079189753,-73.96400092062639,40.578117007921584
1132,36047037500,3229,0.1588019984098568,-73.92151674407391,40.68761999573226
1133,36047037700,4541,0.1902087456249419,-73.92018756303035,40.68408825503267
1134,36047037900,4660,0.1837606925038418,-73.91936568591689,40.68049889160704
1135,36047036400,2443,0.1432502435040117,-73.96386379269522,40.5801614159297
1136,36047036501,3417,0.1263458100103055,-73.91151364828909,40.675031164469935
1137,36047036502,1415,0.1220480649184993,-73.90754301495494,40.674726006446306
1138,36047036600,4268,0.2341437139075234,-73.9637675518823,40.58287063134014
1139,36047036900,5787,0.226734266154799,-73.9092283302466,40.679649973316046
1140,36047038200,5740,0.2334293760686714,-73.98148054191503,40.591525025709906
1141,36047038900,2837,0.1629290689674431,-73.93723491299191,40.699438511549346
1142,36047038600,3669,0.2511859572636,-73.97510850973205,40.59234951751686
1143,36047038700,3882,0.1882761986753649,-73.92774955002261,40.69053934262159
1144,36047038800,4094,0.1979322648696383,-73.96925160204624,40.5929247772537
1145,36047039000,2397,0.1738398149967125,-73.96442662363553,40.59296927877181
1146,36047039100,3239,0.1661739552817915,-73.93365503649089,40.69979501031817
1147,36047039300,3890,0.1896018687657574,-73.93000452244424,40.695627974533174
1148,36047036700,1281,0.1829667858441938,-73.90461301062687,40.677564592548016
1149,36047077200,3114,0.4043331435687511,-73.95317700958701,40.63160936735315
1150,36047077400,3250,0.1477645679945204,-73.9480814921479,40.63119879763174
1151,36047077600,3732,0.186542943230338,-73.94113608470803,40.63092553983642
1152,36047078200,4923,0.1683047163371581,-73.9414428684793,40.637853736393836
1153,36047058400,3479,0.1882238055845411,-73.95867192160378,40.59407481954594
1154,36047007700,5159,0.389475933818499,-73.99522377073552,40.67701995514056
1155,36047046201,2281,0.1283155496464429,-73.9735163777987,40.627622939153284
1156,36047003000,1718,0.110188293188397,-74.02897660806285,40.63887884237741
1157,36047030100,2963,0.1944337701093836,-73.91622797744746,40.67762158753866
1158,36047030400,4189,0.8282378333281306,-73.99800411527495,40.59069444088391
1159,36047030600,1736,0.1936781125957349,-73.98613353395858,40.59115560071764
1160,36047030700,5954,0.2669579500691428,-73.92621956145501,40.67558304456749
1161,36047030800,1980,0.681578578634213,-73.97951077309997,40.58655146925095
1162,36047031100,2924,0.152683353682327,-73.93895511090545,40.676477775384654
1163,36047031400,4978,1.2462201731116185,-73.99441912369679,40.58545411824094
1164,36047031900,3141,0.1513438792422331,-73.94939779273783,40.666885218810506
1165,36047031500,4970,0.1801894950532591,-73.94992430555777,40.6769131921958
1166,36047031701,3805,0.1397415223148926,-73.95012409638561,40.67386691723913
1167,36047030200,4448,0.2111964647577268,-73.99064701306568,40.59571208035487
1168,36047032300,3506,0.1730460279889187,-73.9550744315435,40.66654741838618
1169,36047032700,2544,0.177079024085359,-73.95879609192582,40.66264646904041
1170,36047032800,2688,0.2328353837305614,-73.99768457813856,40.576367232891535
1171,36047033000,5006,0.4911919405024406,-73.99845842927058,40.5797139805915
1172,36047033100,4058,0.1424632423217775,-73.94200739653841,40.66415815415674
1173,36047033500,3034,0.1806819638420552,-73.94238846982066,40.66759410067584
1174,36047033600,4443,1.7739665723019322,-74.00921329894275,40.57595291396087
1175,36047033900,4538,0.1807385748632752,-73.94201506245253,40.67121185876249
1176,36047034500,3108,0.163592733176727,-73.9336926112759,40.673227845420264
1177,36047034100,3056,0.1397704981193692,-73.94458676631207,40.673566188332394
1178,36047034200,6064,0.2299585457236553,-73.99686268273717,40.57410771677168
1179,36047034300,5163,0.1621552519474375,-73.93883759634062,40.673503057273805
1180,36047040300,3529,0.2102743975714167,-73.90820939822846,40.684522612678656
1181,36047040500,1513,0.138998436379438,-73.90517628720694,40.68158904797171
1182,36047041100,3034,0.1348809279567702,-73.90715090655473,40.687878686065915
1183,36047041200,3328,0.1653219313501889,-73.9741916175361,40.60415743916859
1184,36047039700,3553,0.1591599827465536,-73.91914036130706,40.68894875343717
1185,36047039500,3858,0.1597200346726653,-73.92473754920044,40.69296832186795
1186,36047041300,3986,0.1621661099441718,-73.91062001791374,40.68981458991712
1187,36047039600,2058,0.1633025820178274,-73.96970675068896,40.597349606136305
1188,36047039800,2878,0.2029005498667699,-73.97551242346769,40.59544682824711
1189,36047039900,3873,0.1512359174414829,-73.91755300062937,40.6902356311948
1190,36047040000,3003,0.1919999510378615,-73.97613524340265,40.59780880329754
1191,36047040200,2988,0.1975084222803827,-73.98272343255911,40.5960009059192
1192,36047041401,1541,0.1351225529159703,-73.97106538452968,40.60170646294594
1193,36047041900,3623,0.1530132324523037,-73.92103313930863,40.69532328200237
1194,36047041500,4353,0.1626925385946435,-73.91438960635263,40.69195016943772
1195,36047041600,2338,0.1625616275508406,-73.96348642526462,40.60241121273632
1196,36047041800,2960,0.16431818852959,-73.96485163905254,40.60539995901995
1197,36047042100,4259,0.1533765691609869,-73.92403843249183,40.69702927464369
1198,36047042300,3978,0.1822267565329986,-73.92728869043086,40.69900206576255
1199,36047042500,3338,0.1678392390713676,-73.93095870472244,40.70144846206193
1200,36047042600,4302,0.1700064838500188,-73.98018912819255,40.60567501610863
1201,36047042700,4896,0.1482653629999495,-73.92719134616755,40.7036831755965
1202,36047042800,3785,0.1647044204194341,-73.9843266149,40.60564576731159
1203,36047042900,5441,0.1681351164156856,-73.92345562005903,40.70179911915802
1204,36047043000,3283,0.1600278228297725,-73.98420203529903,40.609249332603234
1205,36047043100,4694,0.1682084320159666,-73.91969800937984,40.6996605258435
1206,36047019400,4027,0.1784199624763754,-74.00110769830029,40.625836867107346
1207,36047039200,2880,0.1746015533313289,-73.9630396004126,40.59584993662375
1208,36047041402,1824,0.1543947969547473,-73.96793630083707,40.60242327921911
1209,36047021200,4334,0.1908332676384254,-74.00585007223272,40.62947452122778
1210,36047098800,3365,0.1619403240155393,-73.89731525986421,40.643001877454466
1211,36047117602,2841,0.1438004329418253,-73.87444752242108,40.686234951866865
1212,36047041700,3132,0.1411428006698524,-73.91791788101916,40.6937625041397
1213,36047089800,1820,0.1543577940384822,-73.91370767455042,40.66278613004401
1214,36047072800,3946,0.21204831093749,-73.9270041654954,40.629485644157505
1215,36047036002,4074,0.0860320996868904,-73.96123764438592,40.57636213332359
1216,36047059600,2442,0.1730835871365938,-73.94005655143525,40.59109678185711
1217,36047032100,5488,0.1600959186533894,-73.95218335291737,40.666869157793755
1218,36047058200,2542,0.1615348650162861,-73.9592618428476,40.59853987218815
1219,36047068600,1718,0.148005660025591,-73.91728165446443,40.614822575743126
1220,36047025400,3413,0.175493050807716,-73.98384484832755,40.61669723028967
1221,36047081600,2653,0.1796401466520029,-73.94420529731934,40.653529648358614
1222,36047078800,3528,0.1571132710942809,-73.94883662810922,40.637465482254356
1223,36047019500,3441,0.1370269885026254,-73.96749974450813,40.691410194284344
1224,36047044800,1698,0.2268057554367032,-73.97324440898123,40.618131106361524
1225,36047007400,5259,0.1412875041478239,-74.01702878449899,40.641855219959346
1226,36047004600,1301,0.8172325875481306,-74.04484631722954,40.62801793778035
1227,36047043400,3537,0.1396590878166006,-73.97692768230677,40.61004241057185
1228,36047043200,4341,0.1488185381671454,-73.98068466494615,40.61068148620016
1229,36047043300,3628,0.1682446994675218,-73.91593895204429,40.69752203341087
1230,36047043500,5115,0.1681589300129066,-73.91218018691335,40.69538397189597
1231,36047043900,3515,0.200005385942037,-73.90930869463533,40.69747159564881
1232,36047044000,2809,0.2015418690967904,-73.97097696757298,40.61303854897276
1233,36047044400,3589,0.1745437847644973,-73.96932196809506,40.615767427976444
1234,36047044100,5124,0.1420207670107996,-73.91405201025496,40.70142278255093
1235,36047044200,2945,0.1828313853867713,-73.96559360117898,40.61239653503594
1236,36047044300,4587,0.1677696879884033,-73.91668625299098,40.703304329117096
1237,36047044500,4729,0.1697389480339413,-73.9196716450851,40.70503604856605
1238,36047044600,2092,0.141398363228839,-73.97605762289635,40.615229426333954
1239,36047045000,566,0.2184397105742236,-73.97287009225641,40.62171912579741
1240,36047045200,2514,0.1863156891912624,-73.96816211113654,40.620174219937255
1241,36047045300,2578,0.3195302722442463,-73.92895693823704,40.70658440042682
1242,36047079000,5096,0.1829891308193814,-73.95369669505739,40.64097780900487
1243,36047045400,1681,0.1323115450128511,-73.96500245961903,40.61868258335684
1244,36047079400,1716,0.2221813821886505,-73.95528601030566,40.648605302526136
1245,36047078600,4753,0.1710713677494906,-73.94706257471282,40.6344139427929
1246,36047079200,3488,0.2166910906362495,-73.95491068751781,40.64476415981235
1247,36047026100,4497,0.1994178767798252,-73.94571422260388,40.69239891713892
1248,36047080400,3191,0.1897566442292462,-73.94899024502558,40.65897439686262
1249,36047080600,3355,0.1662984074669654,-73.94386146673543,40.66165905764222
1250,36047048200,4885,0.1966776410497243,-73.96953125327526,40.63320883892212
1251,36047007800,5246,0.1381145567374519,-74.01233700704863,40.64632044014762
1252,36047028501,454,0.0832193811846373,-73.94209134645493,40.69942658215239
1253,36047067800,2852,0.1662212583899466,-73.92277904033527,40.62614892333972
1254,36047075400,1294,0.1734568975319864,-73.95071150204312,40.62147376949951
1255,36047083800,2073,0.1669423057670773,-73.93513504903315,40.64175607002677
1256,36047009000,3000,0.1484936394333653,-73.9972993982196,40.64725678889407
1257,36047018100,3691,0.1693737493314454,-73.97237005200412,40.687768884415405
1258,36047080200,4578,0.1852439796941549,-73.95344072364426,40.65763988054334
1259,36047055100,5361,0.2315858264985685,-73.96440949235387,40.71395930179974
1260,36047019300,5882,0.2697276270206004,-73.96264068257614,40.69127942991247
1261,36047040400,2459,0.1536594342039134,-73.98541939906583,40.60218563912201
1262,36047086800,3413,0.1745795269748351,-73.92973090430667,40.65431242991055
1263,36047099600,3761,0.1896912606132306,-73.90778778569675,40.633443798416124
1264,36047042000,1837,0.1686494200191858,-73.96433225585501,40.60923769836898
1265,36047020200,1963,0.134828990719617,-74.01102146899419,40.62202000715236
1266,36047065400,1437,0.1515239898642202,-73.93180776520414,40.61294871124535
1267,36047004100,3654,0.1620116656568137,-73.98505379359537,40.68659964356117
1268,36047032900,6105,0.1564181383509159,-73.94841958288204,40.66326360089931
1269,36047013900,3650,0.1513316373939311,-73.98733645836397,40.66798620935229
1270,36047002300,4219,0.1822122517444419,-73.98327987700654,40.69956168255878
1271,36047016000,3965,0.2586306339812861,-74.02687207052686,40.61897965950176
1272,36047036300,5044,0.2597294207472048,-73.91699229992929,40.67217571798677
1273,36047092800,3022,0.157218719552143,-73.91177256397896,40.652479305018616
1274,36047012801,2293,0.114974584932643,-74.01330268450181,40.63080087197169
1275,36047046800,2168,0.2959182676459846,-73.98065331671698,40.621496518586376
1276,36047047000,2603,0.1818146410320484,-73.98675067316361,40.62558899638613
1277,36047045800,1324,0.1793896506817069,-73.96900610019196,40.62570172235304
1278,36047046202,1942,0.1728484193609463,-73.97422808272208,40.62458524181155
1279,36047046400,2638,0.1640101666629339,-73.97839904574508,40.62465526997259
1280,36047047400,2385,0.1758733978245632,-73.98236582322184,40.62868358450975
1281,36047047600,3385,0.2071777900515946,-73.98058081028442,40.63056939319743
1282,36047047700,3835,0.2178061357453451,-73.94213664316085,40.71821805512547
1283,36047047800,3666,0.2212202084701545,-73.97887439859454,40.63339837383145
1284,36047048000,3675,0.1531599322020097,-73.97449218643774,40.63029310761871
1285,36047048100,2967,0.1513012393851836,-73.9384988702744,40.71386042870745
1286,36047082600,4911,0.199091425801767,-73.94897316325326,40.64506471340696
1287,36047081400,2770,0.1701753156451932,-73.9402380045082,40.65364074857222
1288,36047082000,5175,0.1485991899557931,-73.95130974606604,40.65345303326299
1289,36047082200,7170,0.1698562686789698,-73.9544281781625,40.653288775475055
1290,36047082800,3706,0.1566751902828411,-73.94960470887035,40.640991054472366
1291,36047083000,6306,0.2017852690274244,-73.94550282721505,40.64088697365117
1292,36047083200,2127,0.1455483741544701,-73.9416243203218,40.64152404311638
1293,36047083400,1745,0.1259949187584249,-73.93847509113785,40.64154989081202
1294,36085025100,6119,1.171737049461866,-74.14603506485031,40.61801824585397
1295,36085014604,6866,1.1290029828441963,-74.15975472346493,40.55003830860654
1296,36085024800,5039,2.3689207148436062,-74.24459204667995,40.51582150528299
1297,36085030301,4972,0.7192824677983659,-74.15612034687216,40.618919720306124
1298,36085027301,3782,3.039638792598776,-74.15183700101605,40.59975446709635
1299,36085027702,6893,1.455131438514545,-74.16365808610512,40.58010475912348
1300,36085027900,2219,5.420990659427956,-74.14910871413394,40.57495904702122
1301,36085029102,3006,10.870264246740138,-74.19133218823129,40.609024450067594
1302,36085029103,8266,2.039330608419927,-74.17046657654436,40.604306555976294
1303,36085031901,2816,0.3880498607447464,-74.16332111203668,40.63030354568557
1304,36047055800,2492,0.1716254869172627,-73.9553779156478,40.603653634434664
1305,36047057400,2858,0.1592026652339436,-73.94433846107704,40.60114983783812
1306,36047102400,2255,0.1431252468112038,-73.89327562802858,40.63292842486517
1307,36047048400,5574,0.209195149099747,-73.97362712236755,40.63428612366337
1308,36047024100,2765,0.1802148736196992,-73.95380346996681,40.69222206361939
1309,36047026500,4118,0.1596084702758605,-73.94462061172621,40.68690449550073
1310,36047029500,4160,0.1645839525112743,-73.93237589208142,40.68456595676008
1311,36047015100,4240,0.1493121198078069,-73.98258554394278,40.66568899368216
1312,36047021700,3733,0.1196778330947177,-73.95902564319557,40.67276569604426
1313,36047007600,5151,0.1383365221784108,-74.01466981910686,40.644083590076825
1314,36047116800,2028,0.1439562076286508,-73.88251602457805,40.67899082721313
1315,36047012200,5482,0.1816605024600557,-74.01757717038218,40.63816604723956
1316,36047010200,4698,0.152451895145094,-74.01278718513053,40.63928443889434
1317,36047040900,3836,0.1723087417397149,-73.90461302734518,40.6910810541148
1318,36047096600,2634,0.1812110581943068,-73.90314202057019,40.64063989155822
1319,36047005202,2442,0.5732734605924175,-74.0446558033022,40.61848972936407
1320,36047017600,2413,0.2170153690712713,-74.00990590146561,40.60122968552062
1321,36047042200,3535,0.2272799894539897,-73.96999230442822,40.606870478915155
1322,36047073800,3977,0.1805785500147429,-73.93907724252847,40.622409532837246
1323,36047054600,4782,0.1806674091195362,-73.9531238763014,40.613141117572816
1324,36047028200,3762,0.2426052741233781,-74.00524562512526,40.59962930927817
1325,36047013500,4014,0.1518664545365284,-73.983313306608,40.672810953032126
1326,36047031300,5055,0.1743006102108582,-73.9443029544011,40.67657138758776
1327,36047081000,2322,0.1624147546696448,-73.94454883622792,40.659113093664814
1328,36047085800,2107,0.1385121755321892,-73.93899620505475,40.65015956719744
1329,36047032500,6076,0.1684150254748947,-73.95776546279696,40.667298325741875
1330,36047049300,7292,0.2280100009122609,-73.94135384878133,40.70780760521169
1331,36047049400,5707,0.1827296414921617,-73.97382535983935,40.64296602641995
1332,36047048800,3896,0.1433311060636789,-73.97620862138581,40.64047686079217
1333,36047049000,5601,0.1918002055899891,-73.97303232572854,40.638110927841005
1334,36047049200,2688,0.1666353068924969,-73.97021062522646,40.640899588570406
1335,36047049600,4093,0.2029711462056724,-73.9804383089249,40.6436870412514
1336,36047049700,2717,0.1646367497646739,-73.94459404626464,40.71621663779413
1337,36047050100,3177,0.1726876723901006,-73.94892025813685,40.715735020913776
1338,36047049800,4139,0.2043487032592283,-73.98268133850203,40.645429451767164
1339,36047049900,1785,0.1416993605408698,-73.94688324415235,40.72090874505635
1340,36047050000,3953,0.2022294663558828,-73.97741373105721,40.648263251066105
1341,36047029600,5849,0.2141204992822504,-73.99301880813475,40.6009574344919
1342,36047010400,4805,0.1523127852662056,-74.0083813746408,40.63662395725287
1343,36047051300,5397,0.2580993779717941,-73.95216308059314,40.711791399890785
1344,36047040700,0,0.5048294670440233,-73.90120711275402,40.68429868497138
1345,36047014300,3672,0.2172117227754587,-73.99265582409545,40.66362658727696
1346,36047018400,2617,0.1491307949741838,-74.00714472528347,40.61370537668969
1347,36047028300,3863,0.1218760344551857,-73.94043792500345,40.69525630018371
1348,36047076400,3602,0.1615885706123178,-73.95864478379428,40.631926240652035
1349,36047015500,3993,0.1496451074873153,-73.97856126069311,40.6705136000065
1350,36047021300,4113,0.1841554997454868,-73.96046742029814,40.66835481033685
1351,36047038100,5397,0.2395235547240379,-73.92542625245035,40.68104777708112
1352,36047070600,3137,2.553361237459043,-73.89612764141995,40.6134661285613
1353,36047025902,3533,0.0596094100209356,-73.9451536179829,40.69696545401109
1354,36047114202,3011,0.1122667993024174,-73.89128241287901,40.6823605077148
1355,36047005601,2447,0.3809740302029867,-74.04030549059293,40.61407774535264
1356,36047003600,3500,0.1252906558740979,-74.03089787181204,40.63468614821504
1357,36047008000,3615,0.1391224011919117,-74.01001662589032,40.648574900857206
1358,36047093800,2476,0.1311051230398091,-73.92455814666498,40.650446891586775
1359,36047064800,2194,0.1515227394977045,-73.9364601590232,40.61768979581589
1360,36047034000,2050,0.1296948920766753,-73.99647644085277,40.572322284639384
1361,36047086600,3145,0.1565228489905396,-73.92676155073065,40.65637500391911
1362,36047110600,4191,0.1710527466953691,-73.88429810159482,40.657314186988074
1363,36047117601,3203,0.152355111096928,-73.87687918597065,40.68477976750987
1364,36047059402,5399,0.3224743111475065,-73.94301810353112,40.59461461635943
1365,36047043600,5059,0.1375218319522524,-73.97785726034073,40.613130025154014
1366,36047057200,5522,0.243629260849749,-73.9382159165531,40.596368750653056
1367,36047053200,2789,0.1743041096590526,-73.96025455970066,40.626219544975505
1368,36047050202,2523,0.1357364597823406,-73.97528450313327,40.65351040720898
1369,36047050400,4741,0.2293115858966945,-73.973520064709,40.64871927411792
1370,36047050500,4009,0.1694103491278032,-73.94494512995466,40.708051959755906
1371,36047050600,5205,0.1646857882500971,-73.96685806778518,40.648978421033256
1372,36047050700,3063,0.1744304358310754,-73.94700792341972,40.70140962881273
1373,36047051100,4333,0.1590036064744614,-73.94857911287761,40.70755958835893
1374,36047051200,5936,0.1399919341512272,-73.96336267404449,40.646552162809215
1375,36047075000,2857,0.1734203611972955,-73.94876599327182,40.626567821125185
1376,36047018800,2836,0.1752133455140079,-74.00273998129263,40.61747792745299
1377,36047025800,4354,0.1702223158612858,-73.98740975236393,40.613288386501324
1378,36047049500,2600,0.1291037013360377,-73.9433571944708,40.712362802696255
1379,36047088800,4086,0.2012488723973694,-73.9180852368081,40.653940931656074
1380,36047011800,2105,0.2192312543618431,-74.0114899217315,40.6351044385009
1381,36047022900,3675,0.1718315741758212,-73.95676155345761,40.685131693955924
1382,36047005800,2827,0.1933163554660644,-74.0321884444545,40.619088744932775
1383,36047040100,3162,0.1596068976709498,-73.91274084878127,40.686459129657514
1384,36047112000,3105,0.1730057167923024,-73.88051965304174,40.66662753454471
1385,36047058600,2772,0.1634253731405352,-73.9546136487887,40.594563998897506
1386,36047014000,1986,0.14752424970981,-74.01967787132843,40.62077818402083
1387,36047014800,1213,0.1334582637170969,-74.01296099372357,40.61670770439859
1388,36047064200,2227,0.235070130374066,-73.9463939484293,40.612197435004276
1389,36047030900,2405,0.1518633157740672,-73.9330036075466,40.67615078045874
1390,36047082400,4910,0.2143421383883829,-73.94935797425973,40.64884733183605
1391,36047021500,5638,0.1523130669723996,-73.96328994167528,40.673375063508914
1392,36047038500,3963,0.1744430447814848,-73.92678914049817,40.68745535994348
1393,36047094402,3248,0.1068582935910275,-73.92078021311744,40.63508160274965
1394,36047003500,1907,0.1330285984370168,-73.97618027700305,40.685325198031684
1395,36047024300,4122,0.1543479810396511,-73.95285596468544,40.6874555391828
1396,36047003800,1371,0.448259417066762,-74.04411826766277,40.63592638514923
1397,36047033300,4547,0.1863386761523309,-73.9425262771119,40.66583733741421
1398,36047009200,5322,0.1132171632856815,-73.99933835449643,40.645316817544845
1399,36047052300,4854,0.144959170221105,-73.95880696340012,40.71166325807092
1400,36047051400,7834,0.1810832949661237,-73.9614283523825,40.64279168141516
1401,36047052600,4491,0.1693295923652528,-73.96667765134718,40.63647009202577
1402,36047051500,2443,0.1869218866576112,-73.9505296780281,40.71912765897406
1403,36047051700,2581,0.1873681255194335,-73.95450018338167,40.72065023773403
1404,36047051800,3328,0.2013311667079551,-73.96079508228723,40.63799088044176
1405,36047051900,5066,0.2749391361890004,-73.95515708550322,40.715715925081945
1406,36047052000,3874,0.1905723090962735,-73.96418745568137,40.63744541894365
1407,36047052700,6490,0.1900023680347942,-73.95369482493548,40.70840006600359
1408,36047052900,3443,0.1749110516344641,-73.95450590808281,40.70587147241324
1409,36047053000,4060,0.1732478918200895,-73.96373437927897,40.62736339566779
1410,36047053100,8833,0.1617890888723406,-73.95416965491009,40.70072886760712
1411,36047029400,2474,0.2520529994020419,-73.99956145355087,40.594498346563455
1412,36047053300,6754,0.1931363688572467,-73.95736013432766,40.7037668417024
1413,36047053400,4232,0.1733827995820006,-73.96283021766851,40.622582555362335
1414,36047053500,3708,0.1303644545511587,-73.96121981918422,40.706143820717216
1415,36047067000,2934,0.2082651880208501,-73.92276419608946,40.6127245744565
1416,36047025500,5598,0.1386330416168289,-73.95128617536207,40.697391928327
1417,36047027900,3660,0.1619223156795012,-73.93934459107523,40.68975935575859
1418,36047062600,2869,0.3181646982153359,-73.93443910830376,40.59233345787382
1419,36047020500,3128,0.1597107940921887,-73.96570368690382,40.67747546409205
1420,36047005100,2744,0.1797038359944363,-74.00348081477102,40.68349503380729
1421,36047111800,3639,0.1623118455268184,-73.87601799976545,40.66875672115787
1422,36047021600,4022,0.16817604603067,-73.9997692005548,40.63279468825235
1423,36047015700,4111,0.1674276368075943,-73.97641653637282,40.67305237291754
1424,36047003300,4202,0.1645846762684822,-73.97810631581588,40.6885111755765
1425,36047009400,5066,0.1510278165507092,-74.00137890542621,40.643356515130954
1426,36047040800,3646,0.1529303231010032,-73.97913412410117,40.60120123988963
1427,36047050900,5440,0.1417881972845538,-73.95056456078251,40.70327722282221
1428,36047026900,3147,0.1339462408417305,-73.94331732234205,40.681282661985364
1429,36047045600,2170,0.1536534956950761,-73.96662054741289,40.626163015320735
1430,36047035300,5407,0.1631028263550926,-73.9353138640515,40.66857963960329
1431,36047100600,2610,0.1521160177971244,-73.90088967047298,40.632253283934006
1432,36047054500,8138,0.167766189136629,-73.96528591092242,40.70523758331708
1433,36047040600,3692,0.1470488354891234,-73.98232182763364,40.60051162813135
1434,36047084800,1701,0.1375023836269928,-73.92786107479292,40.6464269548694
1435,36047056000,3482,0.1847512414227339,-73.95143582209143,40.60408548682978
1436,36047023200,5561,0.2263670434658834,-73.9862206282367,40.63609983984658
1437,36047091600,3481,0.215641406963349,-73.90910122873603,40.65910378818294
1438,36047048900,3617,0.0915809507942276,-73.93925885861,40.70292062351958
1439,36047010800,3866,0.1509778707144772,-74.00371056249949,40.64111595928425
1440,36047013300,4454,0.1485002493187006,-73.98130924192688,40.67518246072379
1441,36047006200,2676,0.1622737334106399,-74.03044589391357,40.624911008838474
1442,36005040303,4900,0.0875490835949311,-73.89347106292783,40.86968391455371
1443,36005014701,7003,0.1389209439507892,-73.9053292257863,40.83422625094278
1444,36005017901,4831,0.0767228193365367,-73.91518669899102,40.83483496044233
1445,36005018301,4320,0.0678740970269256,-73.92081333868082,40.82863710489027
1446,36005022102,5411,0.0782923075199653,-73.91609565579033,40.83765861361018
1447,36005023703,5574,0.1005925941372904,-73.89957059146845,40.86004255611753
1448,36005026702,7895,0.1663676705414638,-73.90011900103336,40.872266377427145
1449,36005033201,5564,0.1140352321820193,-73.86923231354146,40.85947559671872
1450,36005021700,5124,0.1615128274455982,-73.91330823866616,40.84818175665476
1451,36005023702,1180,0.047892910174539,-73.89731945127146,40.86064408048414
1452,36005040302,4192,0.06269655479355,-73.89219740798171,40.867846300136385
1453,36005015900,1969,0.1036022631905177,-73.89355445112456,40.82237380238325
1454,36005006300,4582,1.0561981442624802,-73.92839124664943,40.82385058704739
1455,36005007600,5311,0.2172154450101829,-73.86765570046616,40.8333750284413
1456,36005009000,3459,2.186708962127507,-73.8411920182529,40.814982114992844
1457,36005005001,4604,0.0978891980862584,-73.87785329494518,40.824996989921694
1458,36047055600,3397,0.1932000210662844,-73.95940572413333,40.603160868454744
1459,36047053700,3862,0.1674522212929483,-73.95995453782322,40.70029794146256
1460,36047054700,5724,0.1700960711462672,-73.96659368544195,40.708525859573996
1461,36047054800,2090,0.1732191676336498,-73.94837712994766,40.6092526367846
1462,36047053900,2483,0.1013810544739942,-73.96255844151582,40.70264766678339
1463,36047054300,283,1.4301831059016488,-73.97188930818537,40.701895376587274
1464,36047054400,3487,0.1900063950551166,-73.95719040790095,40.61321955841866
1465,36047054900,4171,0.1954418627563645,-73.9657360128678,40.71117068189464
1466,36047055000,3382,0.1798136287688185,-73.95231741430568,40.60873389286881
1467,36047055300,2740,0.1562722259479219,-73.95923577855724,40.71645755325485
1468,36047055400,4328,0.1693004804415822,-73.96007158576136,40.60787010634862
1469,36047055500,7696,0.2616693469703844,-73.96326082047402,40.71808459352524
1470,36047055700,1981,0.2824926317376255,-73.95933662855349,40.72199836065224
1471,36047056200,1655,0.1708126516741603,-73.94750335713633,40.60451809211414
1472,36047056300,5390,0.4380391089057521,-73.9585541156237,40.73515549149283
1473,36047056400,2523,0.1832205786574026,-73.94337354467068,40.60691582338737
1474,36047057100,4038,0.1758673565492025,-73.94761876134038,40.72478368315667
1475,36047008200,3594,0.1396847909146615,-74.00768892396083,40.65081801693641
1476,36047028900,3619,0.1657406412051736,-73.93300412089792,40.693051452395736
1477,36047026800,3965,0.178969172453378,-73.99036191496593,40.61044939503375
1478,36047078400,2386,0.1674266435910893,-73.9429557762371,40.634262364682634
1479,36047030300,4914,0.2535845291984304,-73.91793733144297,40.675116051536556
1480,36047086200,2821,0.1401475341003706,-73.92822566148268,40.65021644541997
1481,36047111000,2986,0.124981909709665,-73.88136181126761,40.66056659648579
1482,36047004300,3727,0.1653821042091389,-73.98959933165311,40.688202876360705
1483,36047031702,3315,0.1397875403268106,-73.95037485985829,40.67119303027732
1484,36047033700,3856,0.1975863740068937,-73.94218131974068,40.66940163600649
1485,36047039400,2338,0.1920992060401361,-73.96506912662264,40.59849295904618
1486,36047035100,4650,0.1630066484507862,-73.93254731357618,40.6684292258048
1487,36047036100,2787,0.141044347043808,-73.91995919795691,40.66956616764613
1488,36047038300,4720,0.174538149064452,-73.92620557579171,40.68452457457866
1489,36047042400,3480,0.1610307986091325,-73.97604838915832,40.60674832686323
1490,36047049100,7069,0.2131659042447202,-73.94409991523308,40.70357294916636
1491,36047043800,2620,0.1560705587777274,-73.97109444944691,40.61033015363207
1492,36047044700,2545,0.1628087048157858,-73.92261856822931,40.70669080754816
1493,36047047200,2769,0.1728022635956757,-73.98412743570817,40.6270360896077
1494,36047050300,2670,0.1253077522109405,-73.94746234863176,40.71220177851821
1495,36047055200,3477,0.1676697689866848,-73.95625883110064,40.60830956503332
1496,36047056600,2749,0.1715304332876586,-73.94140349458566,40.60285252002601
1497,36047056500,3156,0.237963374770972,-73.95776304356119,40.73021896598315
1498,36047057500,3983,0.1814054619655934,-73.95323056135669,40.73210524482573
1499,36047057600,3041,0.1586039238707307,-73.94757099573731,40.59987314534372
1500,36047056800,1455,0.1178172713150602,-73.93781847403204,40.60267167247201
1501,36047056900,1691,0.1279548287475859,-73.9523673476732,40.723766422918246
1502,36047059401,7396,0.4206175439741063,-73.94762569160962,40.5930119229133
1503,36047057000,3529,0.262371747480278,-73.93688260039652,40.59926680438467
1504,36047057300,2457,0.1701421836582107,-73.9488300274034,40.728048738697204
1505,36047057800,3260,0.1722330937160069,-73.95151267175318,40.599439841634215
1506,36047057900,1165,0.8008694990704143,-73.94845791026283,40.734363229075896
1507,36047058000,4402,0.1586416971485431,-73.95545392194549,40.599006742025296
1508,36047058800,3269,0.1596123782261336,-73.95854792739078,40.58962171520281
1509,36047059000,1834,0.1583831358471125,-73.95468695436024,40.58999088350944
1510,36047083600,2017,0.2081980575963263,-73.93512731670735,40.637102834732474
1511,36047084000,2520,0.1700567351936643,-73.9312919880355,40.64199429148147
1512,36047085000,1489,0.1446123103402877,-73.93231602831257,40.64574338773682
1513,36047085200,26,0.3957092744406981,-73.93825462488473,40.646973435153846
1514,36047085400,1966,0.1287495408324163,-73.9425499086688,40.64467283115496
1515,36047091800,2250,0.2096327499589154,-73.904585545779,40.66165273018169
1516,36047090000,3912,0.2462390439743972,-73.91981235541061,40.666247390144036
1517,36047092000,2523,0.2371490224719199,-73.90298760978223,40.65856442446026
1518,36047090200,3309,0.1905583282060363,-73.91500742411098,40.66755312817358
1519,36047090600,3295,0.1958313248926408,-73.90885944980334,40.67013017935027
1520,36047090800,5992,0.296445999460735,-73.90477191091267,40.67132259801364
1521,36047091000,4196,0.2120668782532501,-73.90340654517809,40.66575149312447
1522,36047092200,2537,0.1613933352313253,-73.90634968470849,40.655240591044596
1523,36047093000,3068,0.1942281620286323,-73.91540748067997,40.649929042338954
1524,36047093400,2464,0.1777589982355274,-73.91901486988768,40.64892508262845
1525,36047093600,1692,0.1651203849009764,-73.92158371235973,40.64879620844205
1526,36047080000,3689,0.1736786856648397,-73.95376666181141,40.66068604716335
1527,36047058900,1691,0.4623764265173309,-73.94083560483661,40.72902225026384
1528,36047059200,4152,0.2193050000246293,-73.95145082126741,40.59233789722553
1529,36047060600,2811,0.1792643468555065,-73.95612144394913,40.58646420430715
1530,36047063200,1534,0.1174380257963588,-73.93156827927345,40.59976039105843
1531,36047065600,1725,0.1535765266335811,-73.93498223748068,40.613010932832914
1532,36047059100,3638,0.1921030545016983,-73.94293383249463,40.72353041763422
1533,36047069000,2082,0.1729138910372387,-73.92067011757472,40.61996537815286
1534,36047073000,2278,0.1850164076391589,-73.92984889276131,40.626200721038906
1535,36047074200,3136,0.1743273083524225,-73.94497530943154,40.62699437449359
1536,36047078000,2161,0.1645347430612063,-73.93914857739881,40.63449790924976
1537,36047084600,2023,0.1665286480368843,-73.92745492437246,40.64228501851463
1538,36047087200,3130,0.1472039961824504,-73.93664979721144,40.65367537288364
1539,36047088000,2725,0.1824774265347093,-73.93102258893177,40.66151931825962
1540,36047091200,5589,0.1672375152598552,-73.90763462243832,40.66512901468322
1541,36047098200,4532,0.3456459120256737,-73.8943666122642,40.650998814559344
1542,36047099200,2311,0.1346026181008864,-73.90128446424947,40.63740347349842
1543,36047102800,1680,1.236071150819297,-73.8920151259966,40.62682725890391
1544,36047115000,2557,0.1582467529364434,-73.88652252459299,40.67392232348817
1545,36047116200,2429,0.1434485115767755,-73.88503490918765,40.66993817669635
1546,36047119000,2220,0.1406175452491459,-73.87163105541948,40.6790596110131
1547,36047000100,4405,0.2078184122921333,-73.99380887427155,40.70021496626186
1548,36047015300,2622,0.1504768003461413,-73.98057590814649,40.66810024382657
1549,36047000200,1167,0.2769294708647106,-74.01106783525195,40.65324752595059
1550,36047000301,3924,0.2009940998806547,-73.9973734760038,40.696372295037555
1551,36047014200,3051,0.2002262177598933,-74.02249009580173,40.62250455560981
1552,36047014500,3815,0.2166210109363373,-73.99496339088637,40.66136713181743
1553,36047014700,2408,0.1059794734722747,-73.98967204490377,40.659855809337174
1554,36047014900,5859,0.2498314345017196,-73.98518149966013,40.66242608702337
1555,36047015000,1598,0.1335059990700099,-74.01075858550902,40.615378294731535
1556,36047015400,11,0.9229394045851612,-74.01891912112512,40.61117885677852
1557,36047014100,2766,0.1654835988795084,-73.98937784281567,40.66544130148296
1558,36047016300,3388,0.1840925913484598,-73.97000506124378,40.67918425925234
1559,36047015900,4804,0.2508691119503554,-73.97306674616209,40.67519337899339
1560,36047016100,3595,0.1823980299105698,-73.97318949058051,40.679888534710415
1561,36047016200,2294,0.237711560479687,-74.03138372581557,40.613223597056646
1562,36047016400,1264,1.4524520702039214,-74.02948949639416,40.60653532547125
1563,36047016500,5919,0.1866424778265442,-73.97404009470834,40.66997606882039
1564,36047016700,5422,0.1689148827113699,-73.97877542821713,40.664296903685226
1565,36047016800,1905,0.2859147240353581,-74.01679303785302,40.602994484779074
1566,36047016900,4822,0.2094641615365282,-73.98128382010509,40.659292729035855
1567,36047017500,0,1.9613994290252088,-73.9902392894816,40.65213483214326
1568,36047017100,4069,0.2084883611301325,-73.97686185480251,40.656963759572015
1569,36047017200,3262,0.2063040625069699,-74.01034631263411,40.608882342823634
1570,36047017400,2191,0.2570146818016645,-74.01254273390252,40.602535541166844
1571,36047087600,1709,0.1422124370650996,-73.93570591040603,40.660647827178586
1572,36047085600,3384,0.1586454894626678,-73.94482756137306,40.64862441862247
1573,36047086000,3627,0.1753663584647018,-73.93293281461658,40.64998646150697
1574,36047086400,2343,0.1508246472575198,-73.92384655649559,40.65433899497395
1575,36047087000,3125,0.1557175301395048,-73.9334038525648,40.65418029859423
1576,36047087401,3759,0.1305947766890096,-73.93845877972484,40.66047441890938
1577,36047087800,2647,0.1514146677675595,-73.93103379600129,40.65884654511066
1578,36047063600,1289,0.1143221779865987,-73.93614330031248,40.60993553909947
1579,36047088200,6353,0.203179026336647,-73.92598175053074,40.66049451804501
1580,36047059800,3606,0.1992161455254907,-73.9362264938528,40.587896186423045
1581,36047061002,4898,0.5258125702937453,-73.95602791910797,40.573726802960486
1582,36047061200,1065,0.2376372545609164,-73.94934729086027,40.58108910492994
1583,36047060000,6277,0.4399176679173409,-73.94569217318806,40.58707431958223
1584,36047060800,3545,0.5210338022244186,-73.94924475904557,40.58393719564162
1585,36047061600,1465,1.659160145661378,-73.94043365638599,40.575624231106275
1586,36047062200,2715,0.3551627172173373,-73.9357146500083,40.584094362590356
1587,36047062800,4418,1.0399514102831189,-73.92688215685435,40.58988825738177
1588,36047063800,2023,0.1391996546527139,-73.9388103935216,40.60666834032324
1589,36047064000,1742,0.1533989679825326,-73.94024634698208,40.61099713401431
1590,36047064400,2855,0.1993334634265129,-73.94247911056758,40.61379649469512
1591,36047065000,1642,0.1662299716381938,-73.93364662937114,40.61997852387725
1592,36047095600,4507,0.2375820960541434,-73.9109186302015,40.63557408599868
1593,36047094401,3534,0.3689676420411624,-73.92296816541288,40.63874298534184
1594,36047095000,2751,0.2424383722939806,-73.91714510847595,40.63624876615301
1595,36047095400,4289,0.2370258559003383,-73.91463249990971,40.63896686820538
1596,36005039901,5618,0.1516528460965831,-73.89364063624811,40.86351114209467
1597,36005044902,2041,0.1566983998943511,-73.86898874356346,40.8988256704202
1598,36005025100,7360,0.2093270513297616,-73.90773359432183,40.85654121472478
1599,36005022404,4203,0.0927210732836249,-73.86630088820654,40.85274453162087
1600,36005023704,3803,0.0674649103348329,-73.90190538717265,40.8562675228339
1601,36005015300,4474,0.2368370468015544,-73.89414295817241,40.83348085916375
1602,36047001300,1917,0.293168457787248,-73.98835858818647,40.69761497720328
1603,36047000700,3906,0.1767762857823286,-73.99734340061633,40.69235048717866
1604,36047000900,4518,0.1634683412666876,-73.99160178207921,40.69172059318185
1605,36047001100,1468,0.1685081962406432,-73.98770869084092,40.69329033346478
1606,36047002200,4698,0.3400464512531964,-74.02169329862629,40.64345848433888
1607,36047001800,1897,6.763435939435145,-74.02562438982585,40.65586266366425
1608,36047002000,1412,0.15413915133487,-74.0159276473748,40.64804072814138
1609,36047002100,5106,0.5682339889613208,-73.98682590652453,40.70329834514177
1610,36047002901,4447,0.1092597722474778,-73.97809590382501,40.694993303358025
1611,36047003100,3259,0.286178188420022,-73.97768604576841,40.69161284680265
1612,36005021100,5343,0.1530282067002291,-73.92350338351355,40.840433633534026
1613,36047003400,3161,3.0498148640381118,-74.0446524656916,40.643741889879585
1614,36047003700,2250,0.166448568734095,-73.9847007904569,40.68939249518899
1615,36047003900,2262,0.15692312376735,-73.98082401169081,40.684901309198494
1616,36005014100,5851,0.1771653508951961,-73.91229497608586,40.82376532762222
1617,36005033000,5776,0.2061280892913199,-73.86602553019124,40.86165609117176
1618,36005004600,1961,0.1353379011812603,-73.86917755751797,40.822418935784526
1619,36005005902,2751,0.0696365505780275,-73.92341945447347,40.82412988444357
1620,36005028100,3954,0.129157339943734,-73.89064525284913,40.88378958049118
1621,36005022701,5151,0.1140095364216085,-73.91101476851092,40.84684984914459
1622,36005031600,1900,0.1771692887148809,-73.8487246692016,40.86197164042853
1623,36005019500,7060,0.2198438234109561,-73.9225235352486,40.830477431741166
1624,36005028600,1085,0.2000190944048156,-73.84777516287754,40.84918491061169
1625,36005016400,1046,0.1645784429585368,-73.82484695546658,40.832202505354495
1626,36005023301,3956,0.1191109483647266,-73.90875427599607,40.84956125118646
1627,36005036800,2109,0.1695298563022837,-73.8559420119515,40.8753071823617
1628,36005006000,1386,0.3157486692713747,-73.87797051721844,40.837707273362504
1629,36005037600,2197,0.1247653991019045,-73.86920496608214,40.87453860774396
1630,36005004001,1475,0.1231449398631504,-73.85833548240625,40.82827191300095
1631,36005006900,7801,0.1879778678312469,-73.91575670967445,40.821866569099335
1632,36005003100,1689,0.1547035917258641,-73.90569012864549,40.80989879512449
1633,36005039000,2861,0.1816466087067479,-73.86076003923884,40.881235228563476
1634,36005042800,2120,0.1691998975564005,-73.84570302345313,40.89450936356427
1635,36005038800,2763,0.1486586476065704,-73.85536651318249,40.87959820221027
1636,36005005600,2279,0.1361875258090943,-73.87907574154754,40.83261183412628
1637,36005014500,7436,0.1814452384133811,-73.90703151647354,40.831510994294455
1638,36047018000,3518,0.1761159295585034,-74.00715117385793,40.60830005433481
1639,36047017700,0,2.54037195615342,-73.96892140240992,40.6616050464819
1640,36047017800,3073,0.1640189076682242,-74.00472341006716,40.60696864310355
1641,36047017900,4348,0.1582889826723845,-73.97132815169421,40.68424010802257
1642,36047018200,3501,0.1654679914319828,-74.00268130425766,40.61245969456955
1643,36047018700,1488,0.0857667261808914,-73.9706402998524,40.69465785168465
1644,36047018300,2675,0.1373107429405513,-73.9714778947889,40.69137599990947
1645,36047018501,4153,0.1110966871250386,-73.97415665051587,40.694786589528164
1646,36047018600,2155,0.1130575366902494,-74.00510631307029,40.61564388882435
1647,36047019000,4763,0.2129323062483393,-74.00038574336307,40.6210380389795
1648,36047019100,2972,0.2537996031556324,-73.96442773309705,40.69524272183066
1649,36047019200,2934,0.1897900490323489,-73.99892813838696,40.6284584552872
1650,36047019600,4214,0.1883074909269741,-74.00418501400969,40.62342342791019
1651,36047019700,3714,0.1698207014426727,-73.96674687626714,40.68800223729765
1652,36047019800,1926,0.1347155490300348,-74.00661765440441,40.61935936737843
1653,36047019900,3432,0.1889136350288862,-73.96692649023039,40.68403288424405
1654,36047020000,2417,0.1348581847275385,-74.00881968466012,40.62068902679544
1655,36047020300,1826,0.1408476007223144,-73.96481228748765,40.679956761558124
1656,36005020601,2237,0.1515499142218099,-73.85054041127785,40.83664756169967
1657,36047020400,1837,0.1348008418522708,-74.01322389967059,40.623350219269696
1658,36047020600,2311,0.1709424388673645,-74.01545088558643,40.62488068611875
1659,36047020700,4726,0.1378932143813482,-73.96661237563018,40.67495467231375
1660,36005026300,6218,0.1587744106627284,-73.90446686854736,40.86476653155344
1661,36005029700,3799,0.232729019212357,-73.91183831925123,40.88493098988129
1662,36005043100,10246,0.2145783250362151,-73.87663839800179,40.881917959279875
1663,36005042000,4206,0.1504964974732004,-73.85985561927855,40.893026135015546
1664,36005015800,1314,0.1621756741659586,-73.81861822670807,40.82486723381781
1665,36005007400,3634,0.1871620144458581,-73.85286083373143,40.81947343765456
1666,36005017100,0,0.1745886183605471,-73.90750409251058,40.84042306378765
1667,36005028800,3330,0.3361908993722781,-73.85147211525207,40.854292144920635
1668,36005022902,3614,0.0916000787889621,-73.9071528929606,40.843795209783735
1669,36005013300,6000,0.1611589593318226,-73.9034849897119,40.82282254316794
1670,36005045101,1455,0.176001977489256,-73.86431368991511,40.89745447076037
1671,36005008300,6713,0.2139328548135408,-73.90184003614202,40.81367780010922
1672,36005040400,3600,0.2152891193772646,-73.85134866028861,40.886169106708095
1673,36005046000,3246,0.2878150160705167,-73.84264807946067,40.88244383455402
1674,36005025200,2787,0.1907141536370045,-73.85496623088032,40.84713195188203
1675,36005023501,3184,0.0681988032155199,-73.90457191763893,40.85214711663051
1676,36005036501,3901,0.095825631384442,-73.88577690553635,40.84540825478826
1677,36005003800,1350,0.063397031472887,-73.86334346034337,40.82029461023192
1678,36005021601,4720,0.1640355482819363,-73.86482209024946,40.83753854516233
1679,36005040304,3593,0.0673548660824017,-73.89518728136058,40.86766994890379
1680,36005022800,6128,0.1721954405337115,-73.86353633924489,40.853489592723854
1681,36005020400,3011,0.1342821111594077,-73.85085674135627,40.840865870748296
1682,36005003300,3277,0.1523850675915069,-73.91194359399809,40.80824183137346
1683,36005037100,4226,0.1981783060907586,-73.88737812938173,40.847220379537596
1684,36005013100,5084,0.2309674579598646,-73.89789829560436,40.82595414210648
1685,36047021800,3128,0.1578214266744816,-73.99782287389415,40.63435412298272
1686,36047020800,3092,0.1433162188790752,-74.00976753299531,40.6259760952024
1687,36047021000,3967,0.1500150585161883,-74.00815610067225,40.62762606739758
1688,36047021400,2187,0.1679641321381043,-74.00318164636957,40.6316103865163
1689,36047021900,3557,0.1470475325952469,-73.9552592345483,40.6719738514368
1690,36081025400,10118,0.632109011092546,-73.79443233402776,40.69667125853446
1691,36081019400,2892,0.3058953449657254,-73.80347592554816,40.68591995849485
1692,36081020500,1176,0.5876268679840625,-73.92180362095073,40.73038933278017
1693,36081095400,6045,1.36844440658197,-73.79950154606142,40.59220979796613
1694,36081127700,3615,1.0691193372358925,-73.78340611059222,40.7244088413903
1695,36081042400,2414,0.516438476056854,-73.7722684399004,40.695392282598945
1696,36081062200,2083,0.4372713594965433,-73.72888015450286,40.691949659025504
1697,36081079702,4502,0.2854514838739879,-73.82938975467908,40.751361690006945
1698,36081990100,0,121.77658363893372,-73.89067147081542,40.54013720091223
1699,36081030600,4760,1.3510718650377578,-73.78036447391693,40.664877111732345
1700,36081015802,4872,0.2784039409320835,-73.81963600702878,40.68754544916897
1701,36081018102,3311,0.0965559136499061,-73.92226964352763,40.744291754111735
1702,36047150200,2651,0.3193003717401832,-73.98127794690198,40.654640666394165
1703,36085012805,2605,1.3512621437998895,-74.1150796526221,40.55296556947665
1704,36085990100,0,80.25274464567123,-74.10858456324401,40.52554917713674
1705,36085019800,7410,10.132849814556378,-74.20166260511324,40.51335430631721
1706,36085014607,4601,0.6834761441554831,-74.16412092313332,40.5569219787662
1707,36081071600,0,19.2236794078369,-73.78694422789299,40.64687513374983
1708,36081069702,3518,0.4414204784119688,-73.86287106793044,40.72225295977593
1709,36081070700,2547,0.2220594789626576,-73.85556625779301,40.71507111185862
1710,36081071100,6448,0.3754774214490242,-73.85249483020849,40.722069713508866
1711,36081073100,1507,0.1898434523310403,-73.84633172912794,40.710953409884915
1712,36081072900,1437,0.1937297687549191,-73.85218145282101,40.71281186938703
1713,36081073900,5425,0.2242930014073235,-73.84427153642983,40.7236929329106
1714,36081074300,4082,0.1934766573851714,-73.84924610305161,40.73229918375179
1715,36081074500,4014,0.1744872865071721,-73.85083682945522,40.73610494810948
1716,36081076902,1186,0.1012404652654348,-73.83403254893557,40.71503420674475
1717,36081073700,1930,0.2106085280575883,-73.84324920097957,40.71844047588085
1718,36081077300,2093,0.279069930615504,-73.83528028197183,40.71091330900251
1719,36081077500,2234,0.2294858228882817,-73.83233713142016,40.70910178364859
1720,36081078800,1865,0.1925341356681484,-73.79036450546165,40.670331030243766
1721,36081077902,4829,0.5591135403219412,-73.82487237712282,40.72527339898432
1722,36081077903,3166,0.2630154608767439,-73.82160220155451,40.719224322163015
1723,36081077905,2626,0.2752423837589062,-73.81296261293066,40.717327248054616
1724,36081079200,2414,0.3638203099225744,-73.79695569754035,40.668923365168396
1725,36081079300,0,0.8701617100231048,-73.83149132667857,40.736389651613685
1726,36081079900,3101,0.2871090823643137,-73.82737578671633,40.74698865572689
1727,36081156700,1614,1.4696927298966498,-73.72971592548681,40.74050762977237
1728,36081150702,3067,0.8573532398223341,-73.73072172044563,40.76641671763747
1729,36081152901,6916,1.3992577426678816,-73.73365433978677,40.7523300949234
1730,36081152902,4955,1.0387109671175616,-73.72398933423494,40.75933671965577
1731,36081155101,1759,0.4751476586190077,-73.71423976304911,40.7566432645212
1732,36081155102,8929,1.4414038535015985,-73.71511031560344,40.75117203388594
1733,36081157903,4741,0.6860162240734234,-73.70756348335478,40.733794978696835
1734,36081157101,8406,1.2254441173030075,-73.71955549820298,40.73850021659459
1735,36081157901,5073,0.913551477905066,-73.70458195778072,40.74472401457778
1736,36081157902,4129,0.7225877846840641,-73.71199911879434,40.74158378321842
1737,36081161700,4762,0.7066946959815698,-73.71758990754196,40.72880951266494
1738,36081162100,6363,0.7102337146815952,-73.72970880539681,40.728426402302006
1739,36081037900,6851,0.197066565488447,-73.86408426050875,40.75547361787686
1740,36081048200,1427,0.2283769220985961,-73.76792261690795,40.71483508534644
1741,36081048400,5140,0.4146756458829155,-73.75993744399862,40.71581727794896
1742,36081119500,1453,0.1893568650292383,-73.79947101120507,40.75486725478452
1743,36081119300,1978,0.2110928740886259,-73.799626726603,40.757184624013796
1744,36081119900,1517,0.1843580306341899,-73.80957756457123,40.75346205551353
1745,36081120500,2568,0.2022328540042714,-73.81710913274853,40.75127417313117
1746,36081120700,3097,0.7040809156558274,-73.80088938618785,40.75072679477574
1747,36081121500,4447,0.6316623701991587,-73.80593219227582,40.74036422880167
1748,36081122300,3438,0.4957059130186143,-73.79945521947143,40.7349768626142
1749,36081122701,11356,0.7013286194028233,-73.80709451028315,40.733323898493374
1750,36081122702,7519,0.4497355303507072,-73.81274477980743,40.73314782492829
1751,36081124100,3666,0.4990082287933799,-73.80241481285317,40.726798695178594
1752,36081125700,3248,0.3318953864036483,-73.80793451948512,40.72413295244597
1753,36081126500,1743,0.2007940003220475,-73.80370606199082,40.72049434707416
1754,36081079000,2633,0.2605922670174844,-73.79661614274217,40.67248306847262
1755,36081126700,4716,0.7753403655132541,-73.79782904258472,40.720293165342405
1756,36081128300,0,1.9719332012856576,-73.76879459458792,40.73396870509008
1757,36081130100,4204,0.6986989501230314,-73.73977629367087,40.73350292729675
1758,36081056600,1316,0.1941366408070046,-73.73840335071931,40.719738605895465
1759,36081115100,915,0.2965759395637544,-73.80762994877809,40.76857168132899
1760,36081120300,1573,0.1840109832458345,-73.81258088620612,40.748799906641544
1761,36081066100,1647,0.1335774292596804,-73.88179025980547,40.71751033618876
1762,36081103300,4577,0.6060474232383771,-73.8096596660881,40.77917781982067
1763,36081133300,3896,0.6953744892469547,-73.77927298746161,40.73191914452343
1764,36081134100,3358,0.5929767598733597,-73.79117829629952,40.73529443853798
1765,36081134700,10944,1.0789600774689705,-73.78111979794765,40.7379557784569
1766,36081136700,5846,0.7721788091776929,-73.76031103313714,40.744204281370656
1767,36081101002,4359,0.6700613644749868,-73.74129758609499,40.59859019718998
1768,36081101700,6005,0.987634561627406,-73.79824950498971,40.77976570895703
1769,36081115500,2150,0.1870089992027284,-73.8117913039924,40.767838230543894
1770,36081093900,5299,1.537779037519749,-73.84299675729889,40.79598280581639
1771,36081094201,3236,0.5473533003673625,-73.82100773968207,40.58620924661528
1772,36081094202,4806,1.1717812993972967,-73.81042904088959,40.591218245973636
1773,36081094203,6602,1.5603310760002156,-73.81000177844763,40.58246411260579
1774,36081117100,2359,0.3975392247855921,-73.80571253013132,40.76325642814281
1775,36081116100,4301,0.1756939197821525,-73.82569885500902,40.76686006663909
1776,36081116700,1676,0.1661083065759548,-73.81244342794764,40.76217345352637
1777,36081117500,4830,0.5624931281759123,-73.79642947509171,40.7614714357984
1778,36081118100,1530,0.1952242608507776,-73.78735941045774,40.759499596432846
1779,36081119100,2985,0.2176833394838072,-73.80651109999418,40.756665009490284
1780,36061029500,8182,0.1355649774614633,-73.92494035396402,40.867523204756694
1781,36061028700,4231,1.5511825408875033,-73.93630190093687,40.86561793910554
1782,36061008601,2915,0.6251820284523544,-73.96666721628888,40.744044634040804
1783,36061029100,12165,0.1874780715031952,-73.92393393528224,40.864310990611884
1784,36061029300,9397,0.15707728256309,-73.92011995407456,40.865925832596595
1785,36061016300,7267,0.6166123585086684,-73.98718156836834,40.78396525902792
1786,36061029700,22,1.9544374381316043,-73.92675510018907,40.874491775821205
1787,36061030300,4535,0.1566509416887688,-73.91865296547712,40.86921974466743
1788,36061030900,10593,0.3027581656583806,-73.910373001458,40.8758478185645
1789,36061029900,3737,0.9389724595284248,-73.91630967065528,40.86448183831672
1790,36061011000,7499,0.176514218070533,-73.96313930967764,40.76214754261956
1791,36061010800,9046,0.1826024318291615,-73.96545299998839,40.75896836129493
1792,36085003900,2376,0.5830587524078139,-74.09335007076798,40.62118814246452
1793,36085004000,12548,1.1927507559481003,-74.08089540958271,40.613561385095586
1794,36085004700,2805,0.8956557997622051,-74.09473529515635,40.61419985855328
1795,36085005000,4004,0.8348574972571963,-74.08602996730932,40.604122755019944
1796,36085005900,3067,1.3931995376277286,-74.09924876422795,40.62531903483232
1797,36085006400,3450,0.7098034626000109,-74.07850311375672,40.59724272681138
1798,36085007400,4902,0.9836211620808992,-74.06274982467006,40.59212718745575
1799,36085007500,4299,0.4806411141787569,-74.09094572746265,40.63359872681382
1800,36085008100,4313,1.032293235795484,-74.09388295676374,40.643865365168516
1801,36085009601,4489,0.7762739864349353,-74.0886024173838,40.59692833341405
1802,36085009602,3149,0.6176041829958359,-74.09515961256024,40.590782112506126
1803,36061010602,4859,0.1987819102412263,-73.95804212686106,40.75984279797783
1804,36061010900,172,0.175740786741526,-73.98970275498989,40.752250487904874
1805,36061011202,415,0.0780081161347503,-73.9721311336894,40.762603961704336
1806,36061011203,1103,0.0779471817580546,-73.96891424576259,40.761244395740114
1807,36085009700,4535,1.6671317065186144,-74.1100686129404,40.64307908727606
1808,36061031100,0,1.0435141647673654,-73.9295202485022,40.84639225160986
1809,36061003700,2666,0.7057301390760322,-74.01160930892041,40.72649060816502
1810,36061005200,3321,0.1688908585592743,-73.99045545955224,40.73743558482177
1811,36061010100,1373,0.1755187479043465,-73.99154121687977,40.74973140688607
1812,36061014700,3475,0.0654173577775966,-73.98880356832944,40.77132859206613
1813,36061015001,2285,0.0516419907829418,-73.95928339695027,40.78019875223705
1814,36085020801,8498,2.604680758114265,-74.20976360649242,40.548706851828314
1815,36085018702,7947,1.01330176918891,-74.12616044628545,40.603901484148935
1816,36085018901,5057,1.0864763961601704,-74.13999742637253,40.61209148528083
1817,36085019700,1755,0.3001553463292881,-74.1352404299598,40.616984445584976
1818,36085023100,5276,0.592840013250781,-74.15632063171864,40.63012444701307
1819,36085020803,7381,2.098033503208339,-74.21066557625473,40.532823120582705
1820,36085020804,5991,1.3307527415886184,-74.19953237941183,40.53580356062804
1821,36085022300,2745,1.3935250131536523,-74.15267322330821,40.63892696358938
1822,36085023900,3853,0.5320858312819922,-74.14930064997338,40.62951708695518
1823,36061022301,8292,0.3180596204738153,-73.95763882680069,40.82232079426007
1824,36061015002,4578,0.1255699697480543,-73.95764779583403,40.78244989350481
1825,36061015200,7816,0.7185305381237953,-73.94102261343957,40.778212182049856
1826,36061019100,9757,0.3991292398831554,-73.97307684954767,40.801805529152034
1827,36061031900,0,0.4170061680636403,-74.01924035096933,40.70243223860991
1828,36081109900,3058,0.3786984327825292,-73.78649431422782,40.767945318845705
1829,36085011202,5731,2.718756881418791,-74.09463506454314,40.56986544794411
1830,36085011401,2971,0.5268962259514371,-74.09909817684468,40.58574393201424
1831,36085011402,3398,0.579279893777856,-74.10495240482966,40.581192460046026
1832,36085012100,3143,0.7419810943514227,-74.10964430325664,40.62587888420424
1833,36085012500,3047,0.4610785156084826,-74.11884682272883,40.62867758784601
1834,36085022600,8141,10.05369481576795,-74.23168290345545,40.53836503504462
1835,36085012804,4042,1.2398781795978835,-74.1015542379925,40.5631543011675
1836,36085013203,5729,1.0328608795443175,-74.14272465271299,40.54970392785448
1837,36085013204,4863,1.0451906181820694,-74.13024176009978,40.5594208573102
1838,36085013302,3096,0.8493257971293838,-74.12350041276677,40.63588751409676
1839,36085013400,4099,0.850704346660029,-74.11744661543287,40.56988385574209
1840,36085013800,6092,1.407435178163265,-74.13188177183238,40.57048891932589
1841,36085017010,9060,1.1107403642628693,-74.1960462502565,40.5510989809897
1842,36085007700,1526,0.2485376235213326,-74.09026762801733,40.637866302636915
1843,36085002700,1751,0.2503580405389028,-74.07642743135071,40.623587144433195
1844,36085003600,2833,0.4091805427314571,-74.07590002367904,40.61106868176832
1845,36085018701,1874,0.385718179660832,-74.12725933084386,40.61074620183013
1846,36085015400,0,4.966299375834955,-74.12693193311411,40.54185035045702
1847,36085020700,5499,1.4857845357317776,-74.13316213393867,40.63945843575927
1848,36085000900,1510,0.2318768193287665,-74.08285638228804,40.64220650603995
1849,36085012200,3938,0.8278138554457769,-74.1114581391854,40.575971792512746
1850,36085011201,6358,2.193933347752963,-74.0854970780337,40.577524600906756
1851,36085030302,6702,0.9087633542546788,-74.15874350908102,40.623528782569444
1852,36085024700,2994,0.4798551536531885,-74.14176188315479,40.62751519190913
1853,36061019900,8786,0.4186423900511445,-73.96956855595643,40.80690114485308
1854,36081094500,3654,2.3915467107247284,-73.83144203020974,40.79050858527878
1855,36081094700,2202,0.2726409855942138,-73.8413716380538,40.785576586114715
1856,36081096400,6573,1.4493238406267068,-73.79216684595102,40.59281214611467
1857,36047062000,1816,0.3543770202584696,-73.94592841008746,40.57917546169789
1858,36081097300,1763,0.7203263794766485,-73.82272533104499,40.79543448462244
1859,36081098100,2236,1.5735017334013497,-73.81708003021869,40.798995269450714
1860,36081098700,2434,1.3989151174798389,-73.80708409510763,40.79651432778102
1861,36081099100,7204,1.513990953086707,-73.79892843199248,40.79222136866492
1862,36081099200,4339,0.9060529109718052,-73.76701149239116,40.59266756477586
1863,36047080800,1326,0.3218354945994948,-73.93948640572121,40.65730332810249
1864,36081099900,0,0.6483833549159072,-73.77672411800124,40.791605364793966
1865,36047123700,6966,0.3213597952867224,-73.95674043160308,40.69673838214702
1866,36081112300,2058,0.27927327473461,-73.77124525432991,40.766291962778105
1867,36081109700,1598,0.4451497543379914,-73.77731312234005,40.770346633247556
1868,36081112900,2085,0.3549693623273899,-73.77681694470955,40.765400913690016
1869,36081113900,3356,0.3833799212805909,-73.79062661235034,40.76423054906651
1870,36081114100,2362,0.4480889094096156,-73.79668949061036,40.76909690579515
1871,36081029700,2038,0.5192264103928999,-73.90300150621717,40.75868299624992
1872,36081029100,6368,0.2614742655656143,-73.89519934420609,40.75133583687089
1873,36081029300,1090,0.1513361342174899,-73.89948300762495,40.75193267053626
1874,36081029500,3602,0.1829678983529508,-73.90673063469069,40.755998027809085
1875,36081029900,0,0.4082543952849219,-73.89939835371985,40.76398809649817
1876,36081028700,6293,0.1956251556127596,-73.8894359116394,40.75096537343518
1877,36081028800,4616,0.8174028691420531,-73.78594121063846,40.678766163267
1878,36081028900,5158,0.1726200131301183,-73.89190221389839,40.751278466157636
1879,36081033000,7192,0.8173171606251821,-73.76373605871508,40.67013480684696
1880,36081030902,6590,0.4107079542699397,-73.89615887835744,40.75805971482868
1881,36081031700,5568,0.7676371219957803,-73.89304210377995,40.77092179227335
1882,36081032000,4930,1.05320403613007,-73.76497324819707,40.661340769304275
1883,36081032800,2769,0.3680161494688044,-73.75569786659076,40.67183730902474
1884,36081032900,3244,0.4369160666575524,-73.88273185671939,40.76443506466418
1885,36081033100,0,5.031031191761505,-73.87248842755884,40.77629983013181
1886,36081033402,12854,0.7577634902853473,-73.77180917220817,40.675275158899765
1887,36005007000,4378,0.2048911562658722,-73.86562332304274,40.8298151927177
1888,36005006100,3720,0.2423610770945583,-73.92266692064459,40.82225160885919
1889,36005006400,3932,0.1682501380827297,-73.8722067196463,40.83302889731245
1890,36005006700,6705,0.2124301293912709,-73.91817671594846,40.819502279442595
1891,36005006800,3230,0.1543727299319805,-73.87048199300257,40.82896689533488
1892,36005007100,2795,0.2642612260426666,-73.91283013975183,40.81822135652499
1893,36005007300,4297,0.1401597879581577,-73.90938901347356,40.814675221783865
1894,36005007500,6692,0.2276177896016648,-73.9086237955309,40.818776839157444
1895,36005007700,2022,0.1128261305679699,-73.90442306783028,40.81973394416502
1896,36005007800,7415,0.3118810408713411,-73.85264565402973,40.82913044539691
1897,36005007900,7188,0.1979298397393105,-73.90487134959773,40.81579199542523
1898,36005008400,2899,0.1567902500249108,-73.84773538095058,40.815608820264394
1899,36005019900,8338,0.1770874317642657,-73.92544700798425,40.8367437289835
1900,36005019700,7561,0.1480892709138682,-73.91997778109985,40.83520506308402
1901,36047114400,2545,0.4299135293851584,-73.89855265861789,40.67280959271491
1902,36005020100,3993,0.2827049757552451,-73.92695225953138,40.84216630842659
1903,36005021302,5513,0.1659249910540673,-73.920341920644,40.84301645651689
1904,36047015200,2499,0.2681326088380407,-74.0244664880349,40.614507189272246
1905,36005021200,4850,0.1010191381729089,-73.85896369076757,40.83612732663199
1906,36005021301,1267,0.0653995357174433,-73.91994772252943,40.845498100127045
1907,36005021800,6520,0.3206269224303489,-73.86974028159923,40.83740703364102
1908,36005021501,4565,0.0919533373361824,-73.91824521584536,40.849466044641716
1909,36005021502,6532,0.155720266029829,-73.91671041390451,40.84804442026649
1910,36005021602,5632,0.1655041774705006,-73.86227192895608,40.837192716134766
1911,36005021900,882,0.1429367535299728,-73.91962207174755,40.83964476832639
1912,36005022000,2007,0.2292922532975761,-73.87231749350205,40.84347660119958
1913,36005022500,8499,0.1800221096790288,-73.9109719921504,40.840139918797895
1914,36047056100,3538,0.3643318400999434,-73.95656603493036,40.72640529229345
1915,36005022300,5278,0.092764801399305,-73.91508849483422,40.8405251341287
1916,36005022401,2498,0.0850526926700196,-73.86850958617408,40.85501844170335
1917,36005022702,1607,0.0505564962622244,-73.9132320654946,40.84452245371181
1918,36047092400,2653,0.2516877399606232,-73.91147943331983,40.66693305244563
1919,36005012101,3070,0.1156149944560373,-73.88889414450222,40.82827579085925
1920,36005036901,2101,0.0987337753202054,-73.89188294473061,40.844356782983176
1921,36047000501,4308,0.0837259152004479,-73.99470069831781,40.695814275739814
1922,36005036400,2565,0.2036831219756836,-73.8492139198648,40.87361673965738
1923,36005007200,6255,0.2130500932210352,-73.86069250250455,40.831047826842
1924,36005000200,4532,1.3315220986426344,-73.8601603867562,40.80616948816108
1925,36047035601,2834,0.0678948435874709,-73.96970256198597,40.58087932581254
1926,36005005400,5324,0.1965153543123315,-73.87971539107015,40.829898450680666
1927,36047050801,4075,0.0782390873655909,-73.96073629513266,40.65123519475185
1928,36005002701,2608,0.0826405712342008,-73.91633350341344,40.80506060114168
1929,36005006200,7233,0.1929435317824263,-73.87552750129498,40.833275629780076
1930,36005024100,6621,0.1346609700788694,-73.90618632690052,40.85314710210785
1931,36005028700,3153,0.1552998206381643,-73.90465640954567,40.88271469765698
1932,36047051001,4092,0.0769413644916915,-73.95976773963818,40.64612175440431
1933,36005023100,1537,0.1171421293050794,-73.9024561702928,40.846219229936146
1934,36047051602,3895,0.0911328790614482,-73.95814076175911,40.64161303447869
1935,36047079601,4536,0.1103988595788375,-73.95827228706108,40.656596413444255
1936,36047079602,4797,0.1349951527333078,-73.95765512517733,40.65276026744245
1937,36005038200,3100,0.1571676624748061,-73.8547394103273,40.87731194783542
1938,36005039600,5022,0.2232254346905546,-73.85895557542685,40.88442379750631
1939,36005001600,5825,0.4850761911019577,-73.85807636833403,40.81884775928799
1940,36005041500,6367,0.1358577463394351,-73.88354909983863,40.870105149861025
1941,36005042901,3561,0.1022565370443957,-73.87429252344415,40.87494986276668
1942,36005044901,1763,0.1581345914426795,-73.87339430628684,40.89749989190845
1943,36005000100,6864,2.7121395953490595,-73.88360303179745,40.79272241712678
1944,36005000400,5516,1.4614874251606484,-73.85087603641055,40.80838553902953
1945,36005013000,1476,0.1161425610528341,-73.814748532148,40.819305501102626
1946,36005008500,5631,0.1816582934628609,-73.89908312508241,40.81627623788195
1947,36005014900,4419,0.1555225574750358,-73.90148216979708,40.83260995200356
1948,36005013200,7272,1.5293580818352106,-73.81937280521063,40.81174607378672
1949,36005013500,3590,0.1674040929231282,-73.90209642698113,40.82713330243914
1950,36005013800,2588,4.225248277812321,-73.79447323693726,40.821703721821045
1951,36005014300,1482,0.1297108361543063,-73.91212977074791,40.82774735915676
1952,36005014400,5138,0.4012503420625062,-73.82333964739941,40.82125695666939
1953,36005015100,5309,0.2089278769725646,-73.89848125765512,40.831084344492204
1954,36005015500,2927,0.1149804363363867,-73.88998644058617,40.83552621846828
1955,36005016000,3666,3.1091882163493936,-73.80338901736863,40.83175474252733
1956,36005016100,4650,0.2391253370920148,-73.88501520289256,40.83684652841413
1957,36005016200,1870,0.1806447774858494,-73.82175923514436,40.82885023434869
1958,36005016300,0,0.586021392183229,-73.89497086858718,40.838564471097605
1959,36005016500,965,0.1968437956735197,-73.90027734446629,40.843108873919526
1960,36047004400,2518,1.236775939896697,-74.04427108262213,40.63230601374665
1961,36005008900,3218,0.1102920164228446,-73.89390607958329,40.81856679357555
1962,36047093200,1124,0.2804331949701279,-73.92950914470906,40.63756763870701
1963,36005009200,5848,0.3104730026520086,-73.8521544863284,40.83233946392253
1964,36047110400,4407,0.7425211568876909,-73.88878618898477,40.65740212425714
1965,36005009800,4756,0.5174526229181933,-73.84950518059865,40.82545053059218
1966,36047011900,1322,0.717893069948128,-73.98980821796397,40.675326343880066
1967,36047016600,1791,0.2669310027987459,-74.01626243427299,40.61870309750362
1968,36005008600,3936,0.187658094276109,-73.84980593819495,40.81987883202688
1969,36005008700,6127,0.2135727001833546,-73.89728470999599,40.81967197781788
1970,36005011000,0,2.52169193535539,-73.83185756538445,40.81479600383254
1971,36005011502,4582,0.346328888753687,-73.88603354997873,40.81968862528751
1972,36047111600,3624,0.4996981156996664,-73.87568826610978,40.663863191084936
1973,36047030500,6528,0.3225150011150638,-73.95906026521465,40.6773163532104
1974,36005002800,5151,0.4392643778785385,-73.87821428364886,40.82160146537155
1975,36005002000,9040,0.3955676239518922,-73.86609618396494,40.8175800674507
1976,36005002300,4302,0.1046453304274429,-73.92584405891736,40.80908231524222
1977,36005002400,155,0.9393136769865872,-73.87051217032162,40.815006482696724
1978,36005002500,5610,0.1274918003362579,-73.9208749019507,40.807002483346494
1979,36005002702,4560,0.1555050350280317,-73.91377288495124,40.806448953115634
1980,36005003500,3907,0.1420031776543025,-73.908669588849,40.81096509554079
1981,36005003700,250,0.1659725879519439,-73.91217215082982,40.81145696153319
1982,36005003900,6260,0.2162094793508131,-73.92142638832887,40.80972168738148
1983,36005004300,5552,0.2253934633729647,-73.91703757998827,40.81362131358913
1984,36005004400,4401,0.2655785309586514,-73.86641358566425,40.82651549709633
1985,36005004800,4563,0.1508312764740815,-73.87430439617343,40.82701714786887
1986,36047076800,3219,0.3033603028996874,-73.96080173492274,40.61880416375948
1987,36005016700,3695,0.2058380155067341,-73.90217081133797,40.84048078011593
1988,36005016900,1633,0.0929146211883122,-73.90272467634675,40.83778989860127
1989,36005017300,5746,0.1652736124718325,-73.91652274506282,40.82629595526561
1990,36005016600,2244,0.2856081890280441,-73.83018396896725,40.82952915498907
1991,36005017500,6536,0.1515924758371827,-73.91365115078337,40.83082253653128
1992,36005018400,3793,0.4474143945252942,-73.82928129536819,40.837415870682676
1993,36005018900,8210,0.3555718001446653,-73.93020724176453,40.831723058848134
1994,36005019300,6350,0.2412853934595854,-73.92932299096911,40.83634712937611
1995,36005019400,2375,0.8404599278749337,-73.83607301879942,40.833519708554014
1996,36085022800,23,11.386751768452951,-74.18763564244013,40.576360546600036
1997,36085024401,6228,2.2903274527269164,-74.23905985552518,40.509353914551426
1998,36005011800,5503,3.865988542356653,-73.79797360960443,40.8092918691327
1999,36005012102,1447,0.0496416608625282,-73.88796956340146,40.8260034627141
2000,36005012300,4268,0.3033291002849788,-73.8873581178079,40.82854546139049
2001,36005012500,3860,0.1696390851845683,-73.89352274332205,40.82863601819512
2002,36005012701,1928,0.1087178455784868,-73.89232827733409,40.82563459147021
2003,36047119800,3671,0.3269031071768352,-73.89438609364508,40.676314500542716
2004,36047094600,1947,0.2817698468117773,-73.9232797165437,40.6446168774327
2005,36005042902,4041,0.0945753499321609,-73.87390903346096,40.87711754386285
2006,36005040900,3194,1.1714810564129683,-73.89315233431263,40.87679066162759
2007,36005041100,3510,0.1216139591179557,-73.88713720096325,40.875582779059215
2008,36005041300,8677,0.1733574325073615,-73.88519718293693,40.87409457232536
2009,36005041400,5158,0.5229797551152244,-73.85409501842477,40.903552415490516
2010,36005041800,3876,0.2688681919616423,-73.85846365561508,40.89711546725522
2011,36005040800,4826,0.124014947848287,-73.86170744167394,40.88974286197639
2012,36005041900,6035,0.3259081572787444,-73.88168372679092,40.87685588454562
2013,36005042100,5661,0.2461828908591255,-73.8827339510105,40.88146132677184
2014,36005042200,3285,0.1746950941824542,-73.85527530747503,40.89109712580866
2015,36005042300,4313,0.1803759885333285,-73.87732102428386,40.877068205350916
2016,36005042400,2569,0.1750886899387216,-73.84953878042096,40.88928251060512
2017,36005042500,6175,0.293819241613258,-73.87909047860782,40.87104727100613
2018,36005042600,6729,0.5075780812923417,-73.84192917169777,40.890841083775086
2019,36005043000,3499,0.206163874330629,-73.85065739820973,40.89345985568222
2020,36005035100,3740,0.5804689293030572,-73.89999752114971,40.89506966631261
2021,36005035600,2254,0.3973593733734744,-73.83604349770509,40.86689944568865
2022,36005035800,8172,0.6514695745759895,-73.84259631813025,40.87398185916082
2023,36005035900,2053,0.1343325912117162,-73.88338467721299,40.8402092632367
2024,36005036100,5576,0.1648339877533796,-73.87957610844092,40.842260443100244
2025,36005036300,7517,0.2214652751897493,-73.88275761608693,40.84454381047171
2026,36005036502,2620,0.0976589180624724,-73.88782551470737,40.84238771827008
2027,36005044800,2075,0.1680899870654939,-73.84131021304992,40.8954712304537
2028,36005036700,2395,0.0930621714796402,-73.88931072836797,40.84076403429379
2029,36005036902,2074,0.0624068282193608,-73.89291990117103,40.842559597633105
2030,36005043500,499,6.746245459913634,-73.88195950042456,40.89455106043418
2031,36005043600,2020,0.1546500576660447,-73.84975899753344,40.89727952428489
2032,36005044200,4019,0.2428801271952862,-73.84619706454467,40.90387136681859
2033,36005045102,1955,0.2060003609938523,-73.86414768329088,40.900368241119786
2034,36005045800,5744,0.2396828256839071,-73.84520277563803,40.88586112772913
2035,36005004100,5942,0.1847325572154914,-73.91940990815351,40.811385587471555
2036,36005046201,28109,2.1940753848245347,-73.82732175900856,40.874376572160216
2037,36005046202,9912,0.954494703352075,-73.83397949684837,40.87905285256611
2038,36005048400,4277,0.6971776165068585,-73.83458729916619,40.886305058433784
2039,36005037200,2132,0.1865296386679165,-73.86328030955748,40.87380246458531
2040,36005037000,2416,0.1588866911672023,-73.8590214140541,40.87309208019209
2041,36005037300,6373,0.17345231191572,-73.89014153018137,40.848673289235
2042,36005037400,3861,0.1670720740026288,-73.86667109183914,40.87453795562258
2043,36005050400,0,16.198301262827584,-73.79088135358495,40.8679420812499
2044,36005051600,4531,9.350057133012363,-73.77898743949235,40.84699241038001
2045,36005031400,2079,0.2111924618843363,-73.84553257502053,40.86153668691305
2046,36005011900,5440,0.1669962556596582,-73.88957204856882,40.82327376557015
2047,36005024400,2146,0.1757181705527482,-73.85751979757731,40.84622651295227
2048,36005031200,1678,0.2020607070552449,-73.84244916147992,40.862061613956406
2049,36005032800,3839,0.204656823513976,-73.86313011903933,40.86173665232439
2050,36047089400,3254,0.1722142196756973,-73.91648521732286,40.66150394777466
2051,36005039800,3842,0.2018554025222119,-73.85346981363689,40.882697011213374
2052,36047088400,4401,0.1670592997211157,-73.92455057161025,40.66222811563017
2053,36047088600,4089,0.1797246017466639,-73.9206765242224,40.65748797944321
2054,36047089000,5912,0.2484159125360225,-73.91548915441206,40.65698772735797
2055,36047089200,3265,0.1796638086262963,-73.92192285544098,40.663282109007255
2056,36047089600,3160,0.1490239577299033,-73.91240946262889,40.65800736737349
2057,36047005900,1213,0.3551608625194857,-74.00611926128647,40.67940278616266
2058,36047004500,3385,0.1705381791462848,-73.99528701235987,40.68814599908784
2059,36047004700,1877,0.2839608627381267,-74.00186618464713,40.68836618854196
2060,36047004900,2612,0.0975322252475204,-73.99843622701323,40.68799890372109
2061,36047005000,2260,0.7595842585090989,-74.04555185940337,40.624441629040575
2062,36047005201,1707,0.3259699066577961,-74.04358140329268,40.621508048662534
2063,36047005400,3185,0.287016416701937,-74.03975938312024,40.61624807424532
2064,36047005602,1687,0.4914181129139807,-74.03970504348956,40.610754086354895
2065,36047006000,3148,0.1522594598560898,-74.03160422102506,40.62208314374681
2066,36047006300,1866,0.1031516054772756,-74.00133511800647,40.68194906109059
2067,36047006400,3042,0.2031750884604404,-74.02880939061234,40.6289252643375
2068,36047006500,5976,0.2499869188692036,-73.99945916357117,40.6790828014165
2069,36047006600,3542,0.1537407360414878,-74.02749848232693,40.632130891651755
2070,36047006700,3886,0.1561403300582888,-73.99722321408063,40.68417585091433
2071,36047006800,4900,0.1855077755265751,-74.02623042216719,40.63517491032516
2072,36047007200,1900,0.0624885479511277,-74.02041345372555,40.640297778168254
2073,36047006900,3591,0.1790759616529012,-73.99170118352055,40.685234706381934
2074,36047007000,2538,0.1491958911023032,-74.02429754607529,40.6381970614757
2075,36047007100,5050,0.171360086566748,-73.98716722667658,40.68330895320938
2076,36047007500,4969,0.2827818118813361,-73.99201628375717,40.68129534884039
2077,36047008400,3621,0.2439094466000753,-74.0044859039211,40.65389756791543
2078,36047008800,2235,0.1893674795600856,-74.00140312400409,40.65021016131753
2079,36081038302,0,5.764504154466887,-73.84226585066114,40.74326657227826
2080,36047008500,7793,0.2435755698524817,-74.00647155217807,40.675856963693505
2081,36047008600,0,0.1135431374158901,-74.00374375426753,40.64797690495197
2082,36047009600,6079,0.1507500487082979,-74.00578471769657,40.64601529638911
2083,36047009800,6479,0.1510054046970481,-74.008115294024,40.64377640221692
2084,36047010000,6035,0.1509704035056494,-74.01044566639052,40.64153552888845
2085,36047010100,4001,0.3147286098070126,-73.99982447759945,40.65839069135191
2086,36047010600,4417,0.1509329342017097,-74.00603999077396,40.63887464449901
2087,36047011000,2662,0.158057858588872,-73.99277378340277,40.6445788862214
2088,36047011200,6188,0.171313373810038,-73.99567494124463,40.64225283269331
2089,36047011400,3796,0.167793266230795,-73.99921175494755,40.639423299529916
2090,36047011600,3594,0.1602665157699738,-74.0036487603903,40.63587314240849
2091,36047011700,2677,0.2011949374290491,-73.99331066955365,40.6685625745947
2092,36047012901,2387,0.1333050103994134,-73.97858826832855,40.681688022462346
2093,36047012000,1213,0.1933423545190682,-74.01172953329348,40.6327817103673
2094,36047012100,1962,0.1480553713671985,-73.99104900637064,40.67147897563425
2095,36047012700,4318,0.1633899421453926,-73.98285070327448,40.681747594170616
2096,36047012902,2554,0.130643893497731,-73.97603334260799,40.68083477296564
2097,36047013100,4155,0.1563859035106716,-73.97960185680108,40.67771754895502
2098,36047013200,2372,0.1557777789615772,-74.01567076633539,40.627974370874014
2099,36047013400,4117,0.2682349168450809,-74.02027053517301,40.62952409796143
2100,36047013600,3609,0.2142531984578435,-74.02259390804831,40.62689837979518
2101,36047013700,3554,0.1524532151688729,-73.98532737515842,40.6703973065652
2102,36047013800,3169,0.162579801463537,-74.0255173614922,40.62431114526089
2103,36081004001,2365,0.1742902907172283,-73.84587429539847,40.68324812210609
2104,36081033900,2677,0.1508392129397349,-73.87983825621373,40.75902374938728
2105,36081039400,2986,0.3482398629243591,-73.75877863225642,40.68963982653759
2106,36081039800,1675,0.2005904171119979,-73.76480973156218,40.69456217231068
2107,36081040100,7686,0.2119897685178301,-73.85709586650894,40.751468352373074
2108,36081040200,1640,0.2183135543018177,-73.76876298432987,40.70003163136221
2109,36081040400,4138,0.4794127455776776,-73.77079373224436,40.70519369385107
2110,36081040500,3377,0.1294711527785352,-73.86284528477596,40.7498669931503
2111,36081040700,9109,0.1995196719514654,-73.86561402616084,40.750382297650916
2112,36081041100,3775,0.1376827258393637,-73.86541882325575,40.743791151227
2113,36081041400,4551,0.473216681781281,-73.78077049371313,40.6996317659065
2114,36081041500,4358,0.1709403877472827,-73.85659905052663,40.746605075154335
2115,36081042700,4955,0.1705545410605753,-73.85381280140052,40.743715853023076
2116,36081043400,1795,0.2053510881047573,-73.77864642717903,40.69619913848038
2117,36081045000,2167,0.1721639575707637,-73.80476998888777,40.71418399398054
2118,36081045400,4779,0.2309947171122392,-73.79601195010848,40.71265035053452
2119,36081045500,14284,0.1482372180075859,-73.86232658609117,40.736310927573825
2120,36081045600,1446,0.1622323621554612,-73.79398978202444,40.71662977076605
2121,36081044602,4961,0.1700762850696363,-73.7998475593733,40.70818688357145
2122,36081003400,2612,0.2139858264691719,-73.85818706144009,40.684773137608566
2123,36081003900,1439,0.1469706550759578,-73.94093156263826,40.76279935187343
2124,36081003600,3584,0.1800064376248687,-73.85681760939575,40.683771387930484
2125,36081003700,0,0.4012211520448619,-73.94334152331302,40.76242314883402
2126,36081003800,2757,0.1762143475466047,-73.84749405458018,40.68479989885833
2127,36081004200,4016,0.2002851898582645,-73.85796405308186,40.68181454526145
2128,36081004300,2283,0.1708125058883721,-73.93751428096841,40.760945072696906
2129,36081077907,3500,0.2168335262618848,-73.81848021362761,40.72496229027925
2130,36081023500,7766,0.25553542742186,-73.91759423414798,40.73934902194321
2131,36081024500,4422,0.2576611469276323,-73.90504862465129,40.739354022556526
2132,36081024000,6826,0.269563761285113,-73.80507930735786,40.70327754092806
2133,36081024300,5088,0.5401257936723898,-73.90204041917706,40.73666669822457
2134,36081077908,3760,0.2004955522843216,-73.813692870053,40.72561675700061
2135,36081024900,4838,0.2040853410466518,-73.90425542271142,40.74311512725752
2136,36081025100,5611,0.2456177278844053,-73.90965617198682,40.74482229930622
2137,36081025500,1524,0.218245033407624,-73.90792002749149,40.75042632403204
2138,36081025700,1500,0.1505863192109831,-73.90517477713236,40.75010440926713
2139,36081105900,3907,0.6495788199629364,-73.80706480943611,40.773769680266525
2140,36081097204,3884,0.3918289716428669,-73.78112831494406,40.59390699309646
2141,36081100801,2525,0.9847797352151224,-73.76777497352046,40.6107868472027
2142,36081102900,3598,0.4905086361597928,-73.80736485570483,40.78387081123325
2143,36047021100,2206,0.1736762926257071,-73.97502592044756,40.697166003952475
2144,36081025800,2261,0.2118431590622711,-73.78727946804742,40.69604203436049
2145,36081026000,2757,0.1783755743979701,-73.79330781733567,40.69275242969747
2146,36081026200,1270,0.1433935270617118,-73.79209240908521,40.69100787588872
2147,36081026300,5857,0.1969835530681955,-73.89712198148872,40.74566421709515
2148,36081026500,3722,0.1884018175522355,-73.8933942332363,40.74509721084344
2149,36081026600,1745,0.1729958238253145,-73.78169490116619,40.69188119284627
2150,36047048500,2289,0.5809843199667863,-73.93634934931305,40.70783985695938
2151,36081107202,0,23.909193900113024,-73.81266527371857,40.61823817179193
2152,36081103201,6509,0.4283548060175338,-73.75543481674747,40.60863534197465
2153,36081103202,8121,0.71253170481342,-73.74753299983773,40.606652284648085
2154,36081103900,6283,0.8780320492189377,-73.81909329238822,40.78404779130914
2155,36081104700,6755,0.8418030547055138,-73.82037092438297,40.77481575782633
2156,36081027800,2339,0.1753808196866568,-73.78291643621915,40.68609605202202
2157,36081027000,2190,0.1850674626432333,-73.79139773545465,40.68868429951624
2158,36081027100,8428,0.1388548327471945,-73.87948676768677,40.745212045343834
2159,36081027200,1970,0.1536743928863706,-73.79132011438737,40.68357718570356
2160,36081027300,7116,0.2152518354283871,-73.87277312861163,40.75219766776789
2161,36081027400,1718,0.1437240319507294,-73.78898899494351,40.68490496920618
2162,36081027900,6220,0.1771547014884614,-73.88022223449403,40.75167285883535
2163,36081028000,1670,0.1653991494165557,-73.77971911927621,40.688315802478556
2164,36081028100,5013,0.1744437918112726,-73.88259199679132,40.752220329059156
2165,36081028200,1894,0.1824709016846685,-73.77388727578892,40.68499466938424
2166,36081028400,4166,0.4294523619910862,-73.77785680378769,40.68250334404111
